Date,Strategy,SP500
2020-01-02,100000.0,100000.0
2020-01-03,100000.0,99242.7967058614
2020-01-06,100000.0,99621.3983529307
2020-01-07,100000.0,99341.30179882038
2020-01-08,100000.0,99870.73969070656
2020-01-09,100000.0,100547.93008245625
2020-01-10,100000.0,100258.54117688659
2020-01-13,100000.0,100948.1179441988
2020-01-14,100000.0,100794.15683782924
2020-01-15,100000.0,101021.93251923152
2020-01-16,100000.0,101862.2735773117
2020-01-17,100000.0,102179.33395426252
2020-01-20,100000.0,102179.33395426252
2020-01-21,100000.0,101979.2811399906
2020-01-22,100000.0,101991.56472405468
2020-01-23,100000.0,102108.56200758375
2020-01-24,100000.0,101200.5019103286
2020-01-27,100000.0,99578.2978776331
2020-01-28,100000.0,100621.79605323818
2020-01-29,100000.0,100538.68912674613
2020-01-30,100000.0,100864.9493428077
2020-01-31,100000.0,99033.46181928001
2020-02-03,100619.94393786596,99769.15085279425
2020-02-04,102016.06740840834,101289.76604757746
2020-02-05,103277.9414230399,102459.45106667253
2020-02-06,103634.46932253292,102804.22403160387
2020-02-07,102893.57429939676,102256.30422829745
2020-02-10,103565.28792079848,103019.654454043
2020-02-11,104060.52566370419,103198.21356599024
2020-02-12,104515.9013556693,103863.09981537619
2020-02-13,104360.9607644956,103752.29058005345
2020-02-14,104398.1629218314,103918.48387473787
2020-02-17,104427.98308238195,103918.48387473787
2020-02-18,104015.44920763424,103650.69146299131
2020-02-19,104901.74788086156,104146.28011443983
2020-02-20,104268.24566030529,103718.43106046597
2020-02-21,103680.32617966627,102650.29376268382
2020-02-24,100891.81669632887,99245.89072996458
2020-02-25,98394.32748914034,96238.5095808358
2020-02-26,98151.36919546154,95884.51621849403
2020-02-27,95156.4732508662,91578.16918267704
2020-02-28,93456.36503712629,91193.4000457011
2020-03-02,97220.50248553879,95142.66997422298
2020-03-03,96080.81658548882,92418.52051990706
2020-03-04,99860.32133467638,96303.12431675776
2020-03-05,97746.32711454238,93101.84756411388
2020-03-06,95964.5959962682,91562.78129535996
2020-03-09,89620.62674118186,84412.21919546944
2020-03-10,92452.39300810632,88780.1537575792
2020-03-11,87952.19341591232,84452.23592581373
2020-03-12,79314.92984996154,76372.09946804371
2020-03-13,83846.22450817887,82900.87065427097
2020-03-16,73617.53655806472,73829.54147487915
2020-03-17,77813.22264864203,77815.74952836691
2020-03-18,73242.14170316438,73875.69999725546
2020-03-19,72837.95079905371,74032.7088715539
2020-03-20,70992.83644771989,70842.32287817018
2020-03-23,69139.91274877534,69030.9979070623
2020-03-24,76085.12420549878,75285.44428181688
2020-03-25,78268.18365991871,76412.47596863256
2020-03-26,82119.74565199962,80874.19749392271
2020-03-27,79663.28680982375,78465.29928618499
2020-03-30,81532.17307986986,81013.51081176399
2020-03-31,79852.22701951744,79805.95740464212
2020-04-01,77397.82541237137,76214.31451793203
2020-04-02,78564.38234181129,77972.98454396192
2020-04-03,77760.59805810817,76845.968275871
2020-04-06,81364.04484094864,82007.42236851965
2020-04-07,81302.47998357152,82091.01241505439
2020-04-08,82708.52472263979,84846.67774279327
2020-04-09,83713.74806850165,86137.83661517463
2020-04-13,83445.84460323065,85351.36858142901
2020-04-14,85290.97982985314,87868.59874937695
2020-04-15,84224.1645592387,86001.55050696254
2020-04-16,84935.93254568425,86416.50436745658
2020-04-17,86053.4845266594,88751.05348436968
2020-04-20,85646.8951437454,87187.45088493715
2020-04-21,83740.1554516999,84540.14321528313
2020-04-22,85265.15371763002,86416.50436745658
2020-04-23,85314.56429699497,86410.27520265087
2020-04-24,86103.30704768401,87614.77570226895
2020-04-27,86944.6361744094,88877.98042664844
2020-04-28,86897.57951815825,88469.28142883471
2020-04-29,88589.12554893162,90785.2869594285
2020-04-30,87553.69618758235,89940.00163027317
2020-05-01,86416.44072875056,87559.00103521318
2020-05-04,86760.51694246379,87800.51993995743
2020-05-05,87428.76186969277,88611.72988737855
2020-05-06,87106.12904967072,88011.05748707063
2020-05-07,88033.42702062789,89073.05813239566
2020-05-08,88604.01565113278,90546.88263708711
2020-05-11,88813.21280911393,90565.45706085596
2020-05-12,88286.14019630011,88760.35611497887
2020-05-13,87797.2462753457,87190.54490904031
2020-05-14,87998.95523288246,88233.98140974634
2020-05-15,88346.89707865883,88639.57610430705
2020-05-18,89464.98614091346,91339.51816073939
2020-05-19,89238.67076016412,90401.37099188965
2020-05-20,90110.36587582114,91937.08625779429
2020-05-21,89292.40148476567,91302.37959235153
2020-05-22,89208.2115642168,91475.76829192703
2020-05-25,89208.23609366795,91475.76829192703
2020-05-26,89526.0244096896,92602.83595576718
2020-05-27,89665.56489597609,93980.63264261215
2020-05-28,89819.07698508987,93807.24394303665
2020-05-29,90550.07272842598,94225.22501315988
2020-06-01,91114.76030471992,94606.06751489526
2020-06-02,91517.54886997919,95389.3901287885
2020-06-03,91703.63622275622,96658.88569287278
2020-06-04,91314.55249037764,96404.99069171585
2020-06-05,92187.9542581032,98875.82077726614
2020-06-08,92960.55942752019,100070.94669222612
2020-06-09,92778.61498667336,99324.75236757088
2020-06-10,93209.7648653874,98770.55200370954
2020-06-11,90184.22561412262,93076.53001804711
2020-06-12,90778.89250088567,94191.17018972535
2020-06-15,91245.54282257619,95070.52062146507
2020-06-16,92060.99898069886,96900.40459761703
2020-06-17,92150.34263812022,96497.87308970994
2020-06-18,92364.2189561753,96535.03221639748
2020-06-19,92516.78326824773,95983.35024424802
2020-06-22,93084.33719958058,96599.11243652753
2020-06-23,93468.67068098865,97043.7884587967
2020-06-24,92356.59126725208,94568.34303496628
2020-06-25,92767.39547305512,95582.1755841204
2020-06-26,91656.15686595209,93311.95338693362
2020-06-29,92279.84773996948,94683.42839662428
2020-06-30,92987.0579034279,95896.2447284665
2020-07-01,93537.35198524826,96567.99744994851
2020-07-02,94159.9899132755,97099.78926714904
2020-07-03,94141.39333144108,97099.78926714904
2020-07-06,96071.99471195079,98598.74629321008
2020-07-07,95865.67849657784,97581.84027825248
2020-07-08,96609.96884337346,98328.19906930522
2020-07-09,96575.37551440793,97768.39656877867
2020-07-10,97140.05573991625,98766.69732251788
2020-07-13,97022.93378380172,97911.472055463
2020-07-14,97422.86334721462,99180.2994748074
2020-07-15,97842.54290836075,100091.4947127651
2020-07-16,96939.08811957695,99761.85265640472
2020-07-17,97396.3973285793,100051.07709557687
2020-07-20,98297.92698474765,100859.66585978767
2020-07-21,98514.08107386134,101074.23283363988
2020-07-22,98902.28892317692,101649.5362921318
2020-07-23,98674.66148715737,100436.68912284005
2020-07-24,97845.0634883026,99789.8325022812
2020-07-27,98525.03762731324,100517.54491551618
2020-07-28,98448.97473422698,99880.02176301605
2020-07-29,99392.35909167938,101108.41100687254
2020-07-30,99128.3845188379,100747.69508053252
2020-07-31,99411.28678034351,101543.81523598204
2020-08-03,100389.25558016867,102249.75640984657
2020-08-04,101022.40599312152,102644.72246346816
2020-08-05,101701.65318625724,103282.23533681844
2020-08-06,102089.30268521338,103972.63443611821
2020-08-07,101665.79884430673,104047.25078483879
2020-08-10,101765.73945150341,104358.25674253124
2020-08-11,100572.6422669626,103496.80231067065
2020-08-12,101196.54843748113,104939.79964497872
2020-08-13,101283.3215145422,104750.12877204968
2020-08-14,100996.28382121758,104753.23307530269
2020-08-17,102043.33045905388,105085.96915576623
2020-08-18,102164.9583437932,105313.0047383797
2020-08-19,101372.15455465441,104874.4756477175
2020-08-20,101374.14269832433,105201.05451742424
2020-08-21,101361.9233589536,105574.24933167537
2020-08-24,101835.50090455421,106644.02101428277
2020-08-25,102084.91173600563,107017.18499108437
2020-08-26,102752.05480675383,108090.11237269401
2020-08-27,102276.38170806419,108326.49170251605
2020-08-28,103039.23085204612,109026.17287412533
2020-08-31,102995.96974739556,108631.24793710312
2020-09-01,104159.46454743612,109654.39339601627
2020-09-02,105016.84854500099,111240.39426295977
2020-09-03,102579.26285578943,107412.15104470597
2020-09-04,101911.53802179186,106535.16481743047
2020-09-07,101911.71045875631,106535.16481743047
2020-09-08,100518.54984114142,103624.3254436404
2020-09-09,101875.77421880094,105670.64719891625
2020-09-10,101034.03265088385,103835.77783508974
2020-09-11,101402.23505917354,103888.64350273955
2020-09-14,102567.95828261069,105257.00393002736
2020-09-15,103251.3220249202,105788.82658467743
2020-09-16,103177.42835732065,105368.98498843236
2020-09-17,102722.00652716131,104442.23739676007
2020-09-18,102209.17260572882,103239.81328541056
2020-09-21,100952.22217277664,102090.7996366526
2020-09-22,101413.12488544025,103130.54592256449
2020-09-23,99376.44791695799,100738.83445336664
2020-09-24,99314.13786030874,101007.33612645246
2020-09-25,99986.76631095303,102640.34354563445
2020-09-28,101346.86383029076,104345.13026817994
2020-09-29,101430.96665022345,103776.84746903175
2020-09-30,102152.10622438579,104563.69583132162
2020-10-01,103059.05550709082,105234.96543276095
2020-10-02,102722.75927999281,104235.85262618402
2020-10-05,104326.36017992858,106084.26990950544
2020-10-06,102631.08159823474,104576.17471923273
2020-10-07,104521.87743719316,106396.49908602939
2020-10-08,105409.21739538408,107339.42605955678
2020-10-09,107221.41023849064,108297.97734084766
2020-10-12,107838.4990622516,110040.28296032526
2020-10-13,106964.66048050023,109322.1095981459
2020-10-14,106909.73232038713,108635.17457234368
2020-10-15,106926.66741628603,108500.93915452553
2020-10-16,106337.15209341436,108435.36845766804
2020-10-19,105369.02351141363,106786.77784732194
2020-10-20,106742.90853289512,107214.54466809705
2020-10-21,106608.91996814284,107011.60341271886
2020-10-22,106299.17154006989,107598.58398543403
2020-10-23,106858.56413917572,107963.9152500542
2020-10-26,104727.53773468308,105968.73226525428
2020-10-27,104663.57256132967,105603.41127978396
2020-10-28,101535.55833518346,101994.01116171764
2020-10-29,102717.25124693304,103030.62230692699
2020-10-30,101942.33050318797,101956.52310223509
2020-11-02,103447.73216325679,103099.31786533717
2020-11-03,105475.46567325525,104919.631952984
2020-11-04,107077.78511069917,107264.49105719103
2020-11-05,110180.321958043,109356.46251692591
2020-11-06,110032.91744986924,109331.50474110368
2020-11-09,109886.87851267349,110705.29255950934
2020-11-10,109806.6206158583,110542.96422516642
2020-11-11,110302.35450970143,111364.11411048709
2020-11-12,109364.54864321547,110283.79602013931
2020-11-13,111349.12496307628,111810.6095422787
2020-11-16,113279.38351589715,113206.29194985297
2020-11-17,113022.17205499623,112597.4373462689
2020-11-18,112442.11103920816,111242.3678597299
2020-11-19,112751.33309349828,111710.67564749136
2020-11-20,113160.01443315775,110945.71159522023
2020-11-23,114701.59747175741,111610.75203185386
2020-11-24,116276.40479442583,113409.2229260813
2020-11-25,115554.74802865431,113234.38486637773
2020-11-26,115554.29675104989,113234.38486637773
2020-11-27,116144.48372265133,113549.73890445438
2020-11-30,115074.37687320402,113047.04736046337
2020-12-01,116938.22360959779,114283.47489949818
2020-12-02,116651.73065799002,114523.91449350877
2020-12-03,117575.74838934846,114492.66587798177
2020-12-04,118969.58154818031,115479.34091324695
2020-12-07,119335.95222386454,115242.0570182386
2020-12-08,119408.26601372,115579.26452888447
2020-12-09,118440.7741414817,114542.64310452528
2020-12-10,118856.8240433476,114505.1756033424
2020-12-11,118021.804733943,114370.90934807473
2020-12-14,117935.31910610119,113858.83294027578
2020-12-15,119739.9984359952,115398.1561877758
2020-12-16,120377.90524974381,115579.26452888447
2020-12-17,122131.11802773006,116225.5866336514
2020-12-18,121994.06468833414,115761.48301817631
2020-12-21,121981.58955346269,115347.603328841
2020-12-22,120889.61332018327,115153.21432613337
2020-12-23,121921.41932909327,115256.69452761704
2020-12-24,122290.28601305324,115705.08132298004
2020-12-28,123165.01000401207,116699.05455463476
2020-12-29,122754.24419874574,116476.43900645438
2020-12-30,124721.37795395494,116642.6323011388
2020-12-31,124339.93801445604,117235.25612711854
2021-01-04,125797.39614818964,115639.21253077706
2021-01-05,128707.57494844777,116435.65133987177
2021-01-06,129797.26297129651,117131.77592563488
2021-01-07,132493.90988476147,118872.06683174297
2021-01-08,132691.90083800777,119549.3600149911
2021-01-11,131356.96658842854,118743.49522548908
2021-01-12,133053.85249867055,118768.59690940913
2021-01-13,132166.22508180724,119088.43265681794
2021-01-14,133052.6994186392,118671.3767101807
2021-01-15,130914.76011435955,117805.97508477986
2021-01-18,130953.40603391547,117805.97508477986
2021-01-19,132295.5829385751,118730.93410437922
2021-01-20,134033.6498807366,120374.01509040872
2021-01-21,134211.52008586997,120483.75529414763
2021-01-22,133371.30694155023,120057.31448370246
2021-01-25,133361.4791120623,120530.81324213535
2021-01-26,131954.06654681225,120342.67396253311
2021-01-27,128080.8059876594,117401.43914265312
2021-01-28,129194.9731400094,118411.10863612025
2021-01-29,125800.58135910268,116040.57221560187
2021-02-01,129712.29337430485,117972.11698371505
2021-02-02,131218.28889726973,119640.25853706522
2021-02-03,131264.01316232138,119734.3641538908
2021-02-04,131069.6766444995,121095.24136009188
2021-02-05,132200.11023741175,121571.85470092762
2021-02-08,134329.85077195964,122449.82772658818
2021-02-09,135193.4652834743,122368.29351002233
2021-02-10,135264.63897156873,122314.99611807906
2021-02-11,135899.39100550266,122512.53054063908
2021-02-12,136481.3699764713,123117.7154877287
2021-02-15,136480.92931692617,123117.7154877287
2021-02-16,138427.12136832313,123011.08986639263
2021-02-17,138081.84544784867,123039.32669101523
2021-02-18,136052.59967720992,122515.66568134162
2021-02-19,138506.44986900178,122299.33069371618
2021-02-22,137281.7679145456,121358.6034582555
2021-02-23,136868.97721735403,121506.00646702433
2021-02-24,137945.16649868022,122844.89657170822
2021-02-25,133077.8841663758,119884.87146591264
2021-02-26,131123.94032344103,119267.135676863
2021-03-01,135045.34953981952,122158.18768720259
2021-03-02,133888.6575008912,121204.97128468096
2021-03-03,132236.95670592642,119599.54282453153
2021-03-04,128184.303053992,118119.51999248388
2021-03-05,129697.39458426714,120292.50143214256
2021-03-08,128436.63317566151,119693.58676645803
2021-03-09,130817.04475339415,121402.51598639082
2021-03-10,131385.7540768651,122158.18768720259
2021-03-11,134902.32011758984,123396.78412685457
2021-03-12,134569.11914400014,123562.98770068884
2021-03-15,134979.69432550983,124299.8382781355
2021-03-16,134341.31208482216,124143.05040555872
2021-03-17,134908.07442748098,124566.34579615151
2021-03-18,132993.41468104295,122753.97749133442
2021-03-19,133283.85031737995,122526.82883807266
2021-03-22,132861.9634428397,123505.21887856326
2021-03-23,129057.68999772714,122533.11967777743
2021-03-24,127145.04386352279,121910.25459295543
2021-03-25,128626.75641938264,122596.0691914246
2021-03-26,131249.66442513937,124571.68067492076
2021-03-29,129452.40807072842,124508.77227787297
2021-03-30,130500.3204352113,124178.4620767727
2021-03-31,131459.00890674305,124681.79092805408
2021-04-01,133823.09291210078,126028.2362078736
2021-04-05,134501.67537059687,127837.13016004328
2021-04-06,134477.75143116261,127761.61952528625
2021-04-07,133688.77605334457,127909.49537494792
2021-04-08,134206.85609965617,128516.64363965782
2021-04-09,133687.18287545315,129450.98752306512
2021-04-12,132144.0664232238,129498.18937915066
2021-04-13,133134.95967484845,129881.98199689138
2021-04-14,135020.86132993601,129438.40584365556
2021-04-15,136137.5997661581,130828.88700140856
2021-04-16,135798.36394695303,131266.19287323928
2021-04-19,135565.40767660175,130621.26873285117
2021-04-20,133187.21528615986,129664.91718962698
2021-04-21,134922.9383313511,130891.83651505572
2021-04-22,134226.7450729296,129696.38166730072
2021-04-23,136186.45196643553,131102.5796451658
2021-04-26,138309.86263590923,131376.2825680729
2021-04-27,138344.69372238565,131347.97378940138
2021-04-28,139005.61803375545,131310.21847202288
2021-04-29,139344.56817095442,132147.02350255658
2021-04-30,137567.0190471794,131278.7437151993
2021-05-03,138213.32117605794,131561.88289766357
2021-05-04,137445.97301243964,130750.23094679913
2021-05-05,138846.77726023618,130791.14196317988
2021-05-06,139349.89996472854,131835.60637887035
2021-05-07,141277.39770345425,132795.08278364723
2021-05-10,139918.2459490682,131480.09170235158
2021-05-11,138485.055097877,130306.68563101285
2021-05-12,135360.991019546,127538.26387831707
2021-05-13,135674.136462449,129070.3197668771
2021-05-14,138501.86102992872,131052.22209007804
2021-05-17,138718.63598568368,130718.76646912539
2021-05-18,138371.65470531752,129592.55197472233
2021-05-19,136823.21358999106,129252.79523491506
2021-05-20,137759.3535997925,130643.2661135182
2021-05-21,137713.11698555844,130536.32183853697
2021-05-24,138911.83778977292,131867.08113569394
2021-05-25,137872.08784697304,131574.46457707311
2021-05-26,139237.02186219423,131835.60637887035
2021-05-27,140520.46251312742,131904.79533647306
2021-05-28,140895.16955776815,132140.74294200164
2021-05-31,140820.00499548996,132140.74294200164
2021-06-01,142500.5383104655,132024.33157001372
2021-06-02,142426.37888281047,132231.9806760206
2021-06-03,141193.00568027678,131741.21294584914
2021-06-04,142661.0645995612,132946.09377401145
2021-06-07,142457.9395352727,132817.13156006348
2021-06-08,142652.2065154317,132845.43005958514
2021-06-09,141881.34693853557,132647.22749228525
2021-06-10,141989.34903300268,133263.82229570215
2021-06-11,142626.97541270236,133484.03252281895
2021-06-14,142099.45163635726,133782.91936284484
2021-06-15,141497.62638294726,133537.5354977591
2021-06-16,140039.8108206224,132791.927084645
2021-06-17,138528.8943966186,132747.8809275617
2021-06-18,137165.40453103272,130957.07827911818
2021-06-21,139404.80027064894,132831.830744341
2021-06-22,139756.24983320286,133542.01720709127
2021-06-23,140218.45233987822,133381.0457205278
2021-06-24,141014.84561030992,134170.0732625847
2021-06-25,141746.72479911457,134646.6866034204
2021-06-28,141541.2347660336,134918.10755506207
2021-06-29,141353.65476059762,134990.68863211345
2021-06-30,141798.36036267783,135104.32463364338
2021-07-01,142492.17720717107,135852.33836782107
2021-07-02,142572.57965350326,136890.73808510334
2021-07-05,142601.80146826393,136890.73808510334
2021-07-06,141233.00187089838,136641.36590987796
2021-07-07,142059.27500941136,137124.28036956833
2021-07-08,140215.36070776958,136007.01901467977
2021-07-09,142879.76117317603,137458.85641785403
2021-07-12,143775.95288934995,137951.2174162514
2021-07-13,142477.7500612652,137480.94631086965
2021-07-14,141635.43897979983,137686.11814176408
2021-07-15,141355.89804930834,137215.82647808263
2021-07-16,139409.0346366615,136139.57893107325
2021-07-19,136680.49222762624,134129.04917555564
2021-07-20,138993.84712566438,136051.16796326148
2021-07-21,141534.25471462312,137152.6919397383
2021-07-22,141397.5752576095,137439.90166554094
2021-07-23,142193.7042945129,138853.8912389881
2021-07-26,143001.44317836693,139194.75812697853
2021-07-27,141509.56026459328,138560.3598360311
2021-07-28,142537.96115717932,138503.54697484107
2021-07-29,144121.94912562415,139077.96642644636
2021-07-30,143505.29742488108,138402.58516506926
2021-08-02,143391.92578997504,138112.16834451517
2021-08-03,144417.8724398529,139235.79249315744
2021-08-04,143611.98147395777,138550.88245987456
2021-08-05,144625.32192857965,139428.34152804292
2021-08-06,144827.48473482975,139658.70755520597
2021-08-09,144361.373480658,139545.1126702754
2021-08-10,144807.87986783893,139718.6863945481
2021-08-11,145541.45370191176,140065.87495969288
2021-08-12,145631.9362703931,140485.6343227392
2021-08-13,145272.3818803419,140741.3076168192
2021-08-16,144977.69551331765,141072.68684950328
2021-08-17,143528.0219986707,140147.9334129008
2021-08-18,142515.70579511998,138614.01699821893
2021-08-19,141588.10655984614,138828.61480952066
2021-08-20,142531.87506817,139933.30476414954
2021-08-23,144099.01755558903,141164.2329580176
2021-08-24,144939.81928435792,141388.29786632603
2021-08-25,145845.85056607935,141685.0260848846
2021-08-26,144891.60827610284,140848.63222034468
2021-08-27,146925.8481700161,142107.93086778332
2021-08-30,146969.47844341234,142732.8517825742
2021-08-31,146906.4145794842,142521.39939112484
2021-09-01,146945.9084785521,142597.13616717845
2021-09-02,147405.82998996435,143035.87084083754
2021-09-03,147173.39107840744,143001.12731436343
2021-09-06,147233.73785610535,143001.12731436343
2021-09-07,146683.60293868635,142489.8218428028
2021-09-08,145345.46728560794,142316.24811853011
2021-09-09,145250.06423749024,141707.0851404507
2021-09-10,144745.3121405388,140589.80322726246
2021-09-13,145108.76951332428,140949.61458841615
2021-09-14,144595.0151293032,140188.99861652922
2021-09-15,145641.27737015023,141359.9171336056
2021-09-16,144791.87035945628,141135.82138784765
2021-09-17,143545.5218791722,139761.01593360738
2021-09-20,140509.434403694,137430.62987238128
2021-09-21,140885.69410095172,137300.80420984636
2021-09-22,142436.368556198,138640.15687627328
2021-09-23,144131.78867733147,140324.62171957636
2021-09-24,143772.7688722778,140555.75868297776
2021-09-27,143976.52031520684,140153.65889936415
2021-09-28,141374.7390050659,137329.28773406523
2021-09-29,141226.00802449125,137560.43497661647
2021-09-30,140539.24912188205,135879.12583231562
2021-10-01,141548.08028479994,137493.939156273
2021-10-04,139855.7392991988,135720.8269247117
2021-10-05,141080.88507148396,137132.9765303367
2021-10-06,140958.2738999665,137702.91427260984
2021-10-07,142374.81851459428,138893.46596588905
2021-10-08,141748.47985701208,138640.15687627328
2021-10-11,141177.16467946174,137636.4287314162
2021-10-12,141119.29024432236,137297.61767339462
2021-10-13,142317.47996070233,137791.58221916773
2021-10-14,144233.705091878,140109.31464693535
2021-10-15,145051.0941434367,141176.35207568415
2021-10-18,145548.02117878982,141594.30230835784
2021-10-19,146123.87218957947,142686.68812062294
2021-10-20,146994.1677480632,143247.13820758968
2021-10-21,146647.04845566317,143620.75446698445
2021-10-22,146496.0831768755,143471.92265638724
2021-10-25,147648.91598835238,144241.35813884067
2021-10-26,147691.20434201023,144371.1426847762
2021-10-27,146840.67881961598,143731.55342315734
2021-10-28,147962.4308776043,145118.4163201651
2021-10-29,147776.7719654303,145412.8831257579
2021-11-01,148645.54685966784,145663.0262372216
2021-11-02,148840.869926504,146251.97012755706
2021-11-03,149045.1341705836,147144.85819964187
2021-11-04,149342.09824527366,147838.26908984603
2021-11-05,149704.94099557356,148351.20894623193
2021-11-08,150567.3049747542,148477.86863061474
2021-11-09,150253.5597349169,147987.0906212934
2021-11-10,148683.87712609724,146796.56976546373
2021-11-11,149402.2798910192,146844.0594377449
2021-11-12,150055.85812342016,147952.23402417102
2021-11-15,149697.4387864433,148002.93079120363
2021-11-16,149523.3387803619,148588.68814508733
2021-11-17,149181.1968752252,148227.74607745072
2021-11-18,149002.55029875218,148731.1982785302
2021-11-19,148342.9389754861,148465.20471800643
2021-11-22,148042.81546840695,148047.2442061829
2021-11-23,148329.67273256145,148243.5759682111
2021-11-24,148537.67049869412,148639.36435382027
2021-11-25,148584.01644813866,148639.36435382027
2021-11-26,145483.08871027897,145324.22545834986
2021-11-29,146362.23254911508,147106.85618266708
2021-11-30,144576.16603711987,144244.5343961426
2021-12-01,143031.00729561903,142642.354147344
2021-12-02,145107.1160343379,144827.11549272438
2021-12-03,143225.06490627598,143566.94311754897
2021-12-06,144363.98572096814,145267.23785161244
2021-12-07,147166.45030685462,148272.04921328012
2021-12-08,147990.5800997421,148664.68189988704
2021-12-09,146403.7414309746,147660.97431332967
2021-12-10,147155.1075352228,149050.95179274026
2021-12-13,145325.9193912458,147730.63611182524
2021-12-14,144256.69043524715,146714.23377521
2021-12-15,145400.4396518763,149006.64865691087
2021-12-16,145002.2834355575,147692.63409485045
2021-12-17,143684.03124941041,146120.74650064332
2021-12-20,141260.33738152607,144566.9810476119
2021-12-21,143918.0604675347,147134.342629351
2021-12-22,145550.57189953132,148605.51511338263
2021-12-23,146411.61910008275,149530.13492103713
2021-12-24,146425.77942417943,149530.13492103713
2021-12-27,147909.14826977058,151646.31377865557
2021-12-28,147955.91074350508,151522.38834813138
2021-12-29,148320.5702495731,151716.21199759757
2021-12-30,148170.1538886721,151296.8124047958
2021-12-31,147864.8052444155,150915.50734131743
2022-01-03,148402.84221081485,151789.30703214117
2022-01-04,148992.07090827584,151738.42524041134
2022-01-05,146744.75539530793,148824.7488212642
2022-01-06,146809.47463734978,148684.93182508054
2022-01-07,146109.59947651663,148097.09808292828
2022-01-10,145770.6149954235,147912.83404281738
2022-01-11,147710.51492890637,149260.05025887524
2022-01-12,148443.80592669526,149663.60968176677
2022-01-13,147411.92587161055,147601.41691913115
2022-01-14,147322.60722554446,147661.80692446706
2022-01-17,147380.31678338847,147661.80692446706
2022-01-18,145392.4525700986,145046.77064574955
2022-01-19,144112.6963718207,143540.66961054667
2022-01-20,142981.03912302363,141951.95504804424
2022-01-21,141142.7717979331,139165.38031672323
2022-01-24,141302.74858933128,139756.36975787772
2022-01-25,140962.33448995944,138050.06172115525
2022-01-26,140331.8567881294,137703.7366045974
2022-01-27,138970.01888609806,137023.75028409
2022-01-28,140384.87972275366,140426.8170273295
2022-01-31,142768.85787667945,142956.00184654648
2022-02-01,143697.97365910772,143921.9643948752
2022-02-02,144576.08580896034,145320.03156521334
2022-02-03,142830.060582333,141904.30090936556
2022-02-04,142564.36546644673,142571.56164236556
2022-02-07,142611.25973923705,142114.02640364104
2022-02-08,143441.97399427937,143283.28997759247
2022-02-09,145279.7373175619,145380.39073309972
2022-02-10,143154.9850269587,142768.55126998381
2022-02-11,141621.50775507276,139953.34910634614
2022-02-14,140666.9153426206,139495.78303017208
2022-02-15,142548.1531938027,141745.42636937034
2022-02-16,142933.53181357644,141904.30090936556
2022-02-17,141160.26489722304,138873.03101599836
2022-02-18,140638.30150637624,137973.8109876094
2022-02-21,140574.78306811542,137973.8109876094
2022-02-22,139566.30550997943,136493.12001082188
2022-02-23,137988.21338881107,134071.9176607204
2022-02-24,138321.84821276544,136089.58114623005
2022-02-25,141379.61848800132,139092.2750030298
2022-02-28,141488.02993579663,138736.39027711662
2022-03-01,140913.55222895453,136623.4185142496
2022-03-02,142188.13120248006,139136.76316355637
2022-03-03,142359.67617942352,138444.07181384132
2022-03-04,142266.94104612473,137319.2552838171
2022-03-07,140732.8438373352,133271.1924461406
2022-03-08,140443.2197652842,132260.74173728528
2022-03-09,141308.0210806697,135806.7914548605
2022-03-10,141302.12675493924,135193.54765429287
2022-03-11,140280.02479883266,133474.52430921287
2022-03-14,139318.8498751307,132499.0843847276
2022-03-15,140130.47717842198,135412.7916413243
2022-03-16,141493.4700803929,138415.4649398243
2022-03-17,143131.77266047616,140147.18303496216
2022-03-18,143375.33567821956,141682.1787603777
2022-03-21,143452.08206531263,141640.73322820503
2022-03-22,144008.2811080973,143298.1536282675
2022-03-23,143570.42302627966,141452.7070192511
2022-03-24,144485.70499532414,143584.9830255259
2022-03-25,145222.98940201208,144286.18551131216
2022-03-28,145230.1496826695,145312.5277858269
2022-03-29,146385.3118606755,147110.15578976713
2022-03-30,146394.51916619507,146201.7975971665
2022-03-31,145309.78401832268,143951.53750897755
2022-04-01,145417.01552260507,144359.50668715232
2022-04-04,146006.88866805742,145596.17064663357
2022-04-05,144147.3004223632,143757.12794797024
2022-04-06,143153.56578282078,142319.64023797878
2022-04-07,143526.82935393442,143036.765126874
2022-04-08,143948.3382232243,142654.3190777629
2022-04-11,142806.8159553759,140216.02250147017
2022-04-12,143159.81992076713,139696.48343088417
2022-04-13,145008.18494103305,141296.52561651514
2022-04-14,144005.79265294378,139537.1052125466
2022-04-18,144095.07441602056,139594.50398527778
2022-04-19,144564.59352225997,141847.91977246897
2022-04-20,145069.7760597342,141742.72295296128
2022-04-21,142847.63337331146,139623.17253419384
2022-04-22,139967.75770020104,135792.04087483376
2022-04-25,139651.60458723624,136579.3004031174
2022-04-26,137354.79231811845,132623.84242638922
2022-04-27,137810.81904667628,132996.78026189422
2022-04-28,139789.63153241764,136356.17089744483
2022-04-29,136999.6520992392,131317.0746649691
2022-05-02,136288.90676656502,132107.51045055466
2022-05-03,137447.24292009693,132713.10656363805
2022-05-04,140698.60708525742,136754.6113037138
2022-05-05,136486.41345656407,131893.9713916869
2022-05-06,135780.5615473407,131106.67074680387
2022-05-09,130430.58478121221,126909.01544144169
2022-05-10,130287.45859390216,127202.22819075348
2022-05-11,129969.02969098755,125181.48096029052
2022-05-12,129595.0523617452,125050.81240746837
2022-05-13,132630.20835051406,128040.52369801461
2022-05-16,133126.95630138015,127520.96406912892
2022-05-17,135980.93117121013,130144.13115537335
2022-05-18,131839.83079862455,124897.80726203434
2022-05-19,132456.72078694048,124132.8637680629
2022-05-20,132997.43242480778,124187.04516689279
2022-05-23,135632.6478212193,126510.61615177206
2022-05-24,135075.31203715896,125544.86946559008
2022-05-25,136102.49692026482,126654.02057125141
2022-05-26,138174.03155226508,129184.73698379523
2022-05-27,140829.82310162103,132356.11168954172
2022-05-30,140901.27901293075,132356.11168954172
2022-05-31,139577.39978439434,131613.47395073264
2022-06-01,139267.33290217374,130548.91379709636
2022-06-02,140935.9171570672,133034.99814101576
2022-06-03,139824.5764461693,130851.70671406314
2022-06-06,139944.63508627866,131250.12656203247
2022-06-07,140828.54586253766,132509.11683497575
2022-06-08,139584.7441164072,131068.44258853252
2022-06-09,137599.94537461377,127951.28011906544
2022-06-10,135757.32922734154,124241.22656572267
2022-06-13,131254.4350137538,119524.02191062464
2022-06-14,130424.81843598877,119163.87133752606
2022-06-15,131484.08990256905,120862.67559486211
2022-06-16,128897.0923166438,116862.61638695901
2022-06-17,127989.76972407229,117114.54807049564
2022-06-20,128008.91194360373,117114.54807049564
2022-06-21,129550.30016921427,120062.7418748203
2022-06-22,128671.76689312117,119845.08087686493
2022-06-23,128413.85620344215,121019.86435428282
2022-06-24,130299.32972226902,124867.5454448924
2022-06-27,130494.25424430234,124390.5723338121
2022-06-28,129760.5474678256,121848.94974328337
2022-06-29,129362.64695180197,121749.7045515356
2022-06-30,128541.62376113031,120760.57279945759
2022-07-01,129131.51066309462,122037.80856337471
2022-07-04,129133.2909245627,122037.80856337471
2022-07-05,126966.15564670997,122268.27738203622
2022-07-06,126799.1511728368,122681.19083128615
2022-07-07,128565.09161629224,124518.61970342392
2022-07-08,128760.71639926816,124416.19825437422
2022-07-11,127715.19305470573,122994.92076368738
2022-07-12,126622.65322374585,121906.56437816129
2022-07-13,126622.00670589806,121266.35836755177
2022-07-14,125461.43726761118,120971.8298870599
2022-07-15,126775.5272795155,123283.0042172268
2022-07-18,126809.2856529748,122265.09084558445
2022-07-19,128302.23881264687,125568.58346428114
2022-07-20,127952.4860603428,126368.8563962678
2022-07-21,128511.24160586477,127655.6928861396
2022-07-22,128315.93583625347,126471.26756616766
2022-07-25,129668.45819759235,126624.94085634158
2022-07-26,129407.9985406635,125126.83699971763
2022-07-27,131196.5888402698,128375.911799138
2022-07-28,133095.08883560888,129986.05838906602
2022-07-29,134164.52479628575,131881.11217523154
2022-08-01,134013.08874430208,131490.5764351929
2022-08-02,133290.01069246483,130623.07786322378
2022-08-03,133572.01842817868,132668.57728651207
2022-08-04,133786.5821017067,132578.94309986883
2022-08-05,133666.08520128016,132354.86791241055
2022-08-08,134541.72778899004,132201.2151805363
2022-08-09,134520.07527296367,131676.20760223307
2022-08-10,135862.84767699384,134441.96705511917
2022-08-11,136179.37513003472,134441.96705511917
2022-08-12,137645.21985713238,136717.9661345185
2022-08-15,137586.76656619305,137281.30466259154
2022-08-16,137367.09616271252,137550.20722252128
2022-08-17,136825.7550863968,136573.87301199956
2022-08-18,137034.52676001782,136970.81266239128
2022-08-19,135930.78246176642,135130.2075329516
2022-08-22,135280.74305895818,132316.454729442
2022-08-23,136188.31562517578,131996.35172413723
2022-08-24,136470.7659661303,132418.88645764152
2022-08-25,137362.7643162052,134288.3348815446
2022-08-26,135692.0017276244,129742.78174969838
2022-08-29,135553.0260935847,128884.88390368395
2022-08-30,133795.46044222623,127470.02060250004
2022-08-31,132990.58994723533,126500.09030233139
2022-09-01,132513.08395155452,126897.04023187295
2022-09-02,132204.90341857786,125558.96218002676
2022-09-05,132130.9915277943,125558.96218002676
2022-09-06,131693.9014169256,125085.20644284778
2022-09-07,133395.13272870454,127332.37250693355
2022-09-08,133947.6443383942,128164.65471153571
2022-09-09,135361.9018309617,130155.72603639786
2022-09-12,136260.07180003752,131554.59498042386
2022-09-13,132988.60048249466,125834.27892945944
2022-09-14,133672.55935352386,126314.4385769915
2022-09-15,131872.77390267837,124880.36354474838
2022-09-16,130927.28853645014,123927.66109971896
2022-09-19,131616.88416353278,124888.71021442204
2022-09-20,130528.42325923052,123455.15941882099
2022-09-21,129612.82327466848,121301.65696811747
2022-09-22,128432.52116467942,120282.71568149068
2022-09-23,125821.22772951196,118267.4266795951
2022-09-26,124214.91963165344,117097.4332860047
2022-09-27,123805.42116793178,116798.50532937942
2022-09-28,126068.92001569319,119096.66625584332
2022-09-29,124027.52077449733,116608.8858521996
2022-09-30,123184.3592519735,114805.68654904372
2022-10-03,125327.48585159956,117836.68918451495
2022-10-04,128580.55560393237,121488.059071396
2022-10-05,127949.54057541289,121205.18714682768
2022-10-06,127311.32569250233,119954.89303465276
2022-10-07,125131.10782450845,116608.8858521996
2022-10-10,124260.37495652543,115718.53673012638
2022-10-11,124078.89448955252,114985.67446281934
2022-10-12,123575.74487224234,114606.40467101015
2022-10-13,125138.1310821995,117630.98283782863
2022-10-14,123131.30447218007,114950.31418735457
2022-10-17,125251.3608414234,117904.19236154319
2022-10-18,126131.50914529251,119289.51338607428
2022-10-19,125323.3191992957,118444.19721946941
2022-10-20,124450.01982780788,117451.00520320286
2022-10-21,126243.20618581663,120305.21674050008
2022-10-24,126208.85130447628,121777.35546461705
2022-10-25,127822.65217751055,123721.95475303264
2022-10-26,128857.14217683858,122789.82088684187
2022-10-27,128729.8980851714,122134.13447656667
2022-10-28,129407.30344277756,125039.76232138564
2022-10-31,129071.60854524853,124136.54370370721
2022-11-01,130029.09095840102,123593.38314677875
2022-11-02,128377.30655162281,120491.6394020783
2022-11-03,128112.17226042147,119250.9562950079
2022-11-04,130104.93453100599,120967.35845687758
2022-11-07,130626.74934044457,122124.46179656309
2022-11-08,131476.96352660717,122783.39641818912
2022-11-09,129372.30373470098,120253.79015382851
2022-11-10,133813.95047905718,126862.23503049978
2022-11-11,134651.32242751447,128090.1000377142
2022-11-14,133549.4911923964,127000.45875845755
2022-11-15,134473.76663859628,128083.65501076175
2022-11-16,133385.8538883518,127106.53958485187
2022-11-17,132421.82587666914,126717.5971130391
2022-11-18,132514.72709185057,127292.95196728023
2022-11-21,132175.4745169299,126830.112687236
2022-11-22,133415.4316646154,128536.87300655163
2022-11-23,133929.65476081162,129346.84945599141
2022-11-24,133994.86740799365,129346.84945599141
2022-11-25,133971.71250848373,129317.88281172987
2022-11-28,132629.8579637685,127254.38459706401
2022-11-29,133062.44385610256,127035.80875477249
2022-11-30,135281.593085699,131037.50234750085
2022-12-01,135247.2514891426,130941.09420111013
2022-12-02,135467.60680976175,130790.02153584684
2022-12-05,132786.19924555154,128437.21664881008
2022-12-06,131754.6484469184,126585.80813288392
2022-12-07,132047.44360125423,126370.45994364354
2022-12-08,132016.42992599847,127360.43458600878
2022-12-09,130918.5605348497,126409.02731385975
2022-12-12,131801.4928280621,128231.48974382406
2022-12-13,132400.04403257353,129202.20125938088
2022-12-14,131997.1965729034,128376.1379404346
2022-12-15,130312.70460773211,125235.8473838176
2022-12-16,129519.55411093793,123757.27391189802
2022-12-19,129172.2460629638,122707.88578343208
2022-12-20,129675.01922563562,122875.79569614051
2022-12-21,131036.44780423921,124713.06010188076
2022-12-22,129988.0260441516,122933.88317191128
2022-12-23,130481.50279070181,123641.04756460729
2022-12-27,130095.74909899135,123153.48692918725
2022-12-28,129239.2614133065,121622.93179650449
2022-12-29,130541.09846260113,123812.1954095167
2022-12-30,130122.69920520521,123486.05854325327
2023-01-02,130310.37193855981,123486.05854325327
2023-01-03,130011.54663924147,122966.2008190221
2023-01-04,130974.87611511872,123915.53170290256
2023-01-05,130142.55204260454,122501.23375496008
2023-01-06,132646.153002558,125310.44317423848
2023-01-09,132394.49081973007,125239.39369051391
2023-01-10,132654.6735587769,126117.67509066981
2023-01-11,133631.69776880846,127712.80384267514
2023-01-12,134927.71619743528,128177.78118588701
2023-01-13,135264.61814118148,128675.04533876017
2023-01-16,135326.25408951825,128675.04533876017
2023-01-17,135140.48372734198,128439.31359537833
2023-01-18,134042.11492182803,126411.50458897227
2023-01-19,133308.14642317133,125491.26369915149
2023-01-20,134512.40246200515,127829.06102741542
2023-01-23,134988.57186154532,129362.80269654993
2023-01-24,135147.82430987555,129223.9622196015
2023-01-25,135160.2679588439,129272.38729451851
2023-01-26,135772.61357527997,130693.14054856327
2023-01-27,135363.01069078126,130993.43563211786
2023-01-30,134176.7618525627,129349.89208434535
2023-01-31,135731.59932745068,131251.7609468577
2023-02-01,136831.00147324114,132646.6621390438
2023-02-02,136671.7511677326,134577.62099561584
2023-02-03,135029.71821011996,133147.19506156747
2023-02-06,133882.10324598083,132333.45644328464
2023-02-07,135076.45803067854,134064.21857748696
2023-02-08,134062.6049248138,132598.24734327663
2023-02-09,133259.34311236846,131448.74029532613
2023-02-10,133485.8957423619,131755.49068498303
2023-02-13,134424.31665887358,133302.1635246218
2023-02-14,134332.8205677168,133240.81755835036
2023-02-15,133948.05160896553,133673.4978127511
2023-02-16,133040.7653936014,131832.98519566003
2023-02-17,132788.51503157755,131503.64123464513
2023-02-20,132820.81059789492,131503.64123464513
2023-02-21,130927.39555401843,128865.52826452693
2023-02-22,130574.09743853667,128687.95595096475
2023-02-23,131190.39896945292,129372.50621400306
2023-02-24,129875.02233370562,127990.50535487171
2023-02-27,130659.40593187002,128426.40298317376
2023-02-28,130484.7514079423,127951.75295995829
2023-03-01,131589.96498239742,127460.93383403757
2023-03-02,131924.02468828138,128452.23448673275
2023-03-03,133653.37363860832,130512.34058194996
2023-03-06,132963.6491020885,130602.75598398139
2023-03-07,130428.80641491676,128600.74764368478
2023-03-08,130857.85662146681,128810.67872095716
2023-03-09,128387.7139002489,126434.10843948011
2023-03-10,127131.50907274552,124609.7443667946
2023-03-13,127967.53666071648,124432.15149493274
2023-03-14,129195.76853851322,126489.01965794896
2023-03-15,125904.13348459646,125697.8951693238
2023-03-16,127858.50175449625,127903.30732674159
2023-03-17,127559.38450281473,126407.7629784289
2023-03-20,129243.19157230463,127623.26216838049
2023-03-21,130774.0835876641,129299.01029261554
2023-03-22,129614.23024516249,127094.94470382736
2023-03-23,130538.76744251908,127438.50472907707
2023-03-24,130149.44322027828,128274.78552296871
2023-03-27,130455.42882088922,128514.61864713847
2023-03-28,131304.31296847414,128226.16514420466
2023-03-29,132776.0186672117,130089.88808164441
2023-03-30,133627.79418800297,130851.62448086438
2023-03-31,134844.68079135838,132695.90954594838
2023-04-03,135367.3245849837,133201.56148509457
2023-04-04,134280.11912395756,132462.52144873104
2023-04-05,133313.21759029885,132115.7132121305
2023-04-06,133001.7896415429,132631.07894787967
2023-04-10,133981.35884921122,132767.19545011935
2023-04-11,135635.36189207828,132802.8743792293
2023-04-12,135730.73395509616,132261.56406927283
2023-04-13,137431.8643557556,134018.3735691809
2023-04-14,136989.7798904468,133690.9929257863
2023-04-17,136851.54877409688,134170.7002907252
2023-04-18,138204.38266896547,134258.19641420082
2023-04-19,137276.81156971346,134235.54116794374
2023-04-20,136799.92987852244,133502.99755428187
2023-04-21,135886.06351407268,133606.71417621197
2023-04-24,136227.81236315606,133746.07888980248
2023-04-25,133989.1646942323,131623.0438392378
2023-04-26,133372.2986097834,131065.51303082686
2023-04-27,135881.14424543484,133674.7724273318
2023-04-28,136461.56265575136,134815.73750176159
2023-05-01,135727.90160257067,134679.60044122222
2023-05-02,135371.43846432745,133165.88255598463
2023-05-03,135353.25233693267,132251.83999352003
2023-05-04,135067.69114076183,131315.09078904914
2023-05-05,136981.67824554048,133746.07888980248
2023-05-08,136110.4425137106,133781.73726061275
2023-05-09,136079.0982361723,133195.08562069258
2023-05-10,135853.20697824273,133817.42646887252
2023-05-11,134625.03453161495,133584.02809250535
2023-05-12,134305.65239845152,133408.9844498049
2023-05-15,135767.84788095806,133869.27450068772
2023-05-16,134666.84151135577,132974.6698105789
2023-05-17,135844.64597569598,134588.8149897964
2023-05-18,136008.3078457461,135885.36527627116
2023-05-19,136138.7229643225,135687.64582901396
2023-05-22,136019.55828044724,135742.75235132984
2023-05-23,134596.17568362635,134219.32066948924
2023-05-24,132915.32099112493,133246.93365250778
2023-05-25,133519.46010850166,134400.819618292
2023-05-26,135140.8345748709,136141.40861974558
2023-05-29,135141.1268612554,136141.40861974558
2023-05-30,135350.81808991302,136193.25665156078
2023-05-31,133728.99477671142,135438.05779164183
2023-06-01,135504.7703488225,136724.85316491427
2023-06-02,137550.556478657,138702.04763748645
2023-06-05,136684.10434911746,138436.28021825926
2023-06-06,138203.93659357663,138737.70600829672
2023-06-07,137037.05423990646,138257.9780850581
2023-06-08,138151.79378877406,139094.27943724944
2023-06-09,138156.9701798358,139343.82635802217
2023-06-12,138680.56611674133,140607.935647588
2023-06-13,139819.99175678458,141534.9710554559
2023-06-14,140380.13215992937,141703.52855460453
2023-06-15,141623.03431748337,143460.29693791323
2023-06-16,141686.40170531347,142971.63643345982
2023-06-19,141618.7396432038,142971.63643345982
2023-06-20,140665.41127579057,142229.90325983707
2023-06-21,141224.92899666535,141501.12181501827
2023-06-22,140928.77020966215,142011.9236082365
2023-06-23,139746.67263541918,140938.29724443748
2023-06-26,139724.9729102815,140362.4489910038
2023-06-27,140979.57513510832,141901.29939761097
2023-06-28,140554.72587125585,141972.86283882777
2023-06-29,140467.10041891283,142532.42891890788
2023-06-30,141706.07233534992,144214.42676624833
2023-07-03,142462.274526887,144380.3528030368
2023-07-04,142467.37157033785,144380.3528030368
2023-07-05,141397.9924004859,144165.62136278706
2023-07-06,139644.31449679594,143036.70345197493
2023-07-07,140075.88007527604,142675.586638791
2023-07-10,141025.60939894314,143036.70345197493
2023-07-11,142028.14872181564,143947.63143203667
2023-07-12,143732.62978173583,145105.8243616057
2023-07-13,145863.03788775732,146257.52086847305
2023-07-14,144991.01398921377,146166.44760085156
2023-07-17,144926.52491194505,146673.94978696975
2023-07-18,145737.50453504027,147763.81720752298
2023-07-19,145968.56061931094,148092.42106974908
2023-07-20,144225.19715250167,147109.898811021
2023-07-21,144164.257767946,147109.898811021
2023-07-24,144187.71636209072,147767.06541887383
2023-07-25,144933.15912676702,148170.49121281735
2023-07-26,145234.85735306027,148193.25952972274
2023-07-27,144497.14005462272,147210.72699184483
2023-07-28,145748.6501779457,148651.9871498292
2023-07-31,145544.92861792544,148935.02354079502
2023-08-01,144841.76864167047,148508.8294299461
2023-08-02,142773.91235607237,146442.9567316662
2023-08-03,141926.49674044983,146023.26932266878
2023-08-04,142049.36146199438,145362.8442243153
2023-08-07,142904.01341981502,146631.66136450987
2023-08-08,142593.72334497236,145994.00458306176
2023-08-09,141285.1038457674,145017.99930533505
2023-08-10,141493.1587238673,145070.0426409973
2023-08-11,140791.01369714874,144985.45551692764
2023-08-14,140918.16665051694,145785.79012381338
2023-08-15,139765.31492867362,144087.5306614191
2023-08-16,138549.2640353566,143030.20702927327
2023-08-17,136168.86447619356,141940.31905042037
2023-08-18,135294.5697325688,142008.66511773583
2023-08-21,135584.38420510205,142932.58594320092
2023-08-22,135804.3335458324,142545.43204346107
2023-08-23,137970.86186083022,144133.07757437968
2023-08-24,136012.2542521132,142135.53038511553
2023-08-25,136066.65923857296,143137.5419119486
2023-08-28,137040.78468348965,144045.23195980935
2023-08-29,140226.74151057363,146127.39711059266
2023-08-30,140269.14247989032,146729.25161313268
2023-08-31,139333.60535100286,146514.5304520328
2023-09-01,139702.8324215086,146787.8119297963
2023-09-04,139700.41633434896,146787.8119297963
2023-09-05,138687.93145424288,146153.41363884884
2023-09-06,138161.97097148615,145170.9119384205
2023-09-07,137896.29671621116,144725.1874428672
2023-09-08,138203.02304866535,144943.1773736176
2023-09-11,139254.8680733517,145896.39377613924
2023-09-12,138678.13580608036,145096.06944840334
2023-09-13,138853.74320834305,145265.26425484233
2023-09-14,140276.70617431158,146517.7683842338
2023-09-15,138932.95356065416,144752.49914400378
2023-09-18,138829.83445852072,144837.39464256878
2023-09-19,138600.2201364042,144536.99676751575
2023-09-20,137948.13495448206,143208.24190457843
2023-09-21,135312.41098663045,140841.24151160655
2023-09-22,135091.5396345115,140524.55118405013
2023-09-25,135106.94938536407,141115.4892294554
2023-09-26,133484.59241700763,139042.31833478596
2023-09-27,133528.55444249065,139097.81546479592
2023-09-28,134854.1248282642,139904.23532838954
2023-09-29,134419.5077131034,139564.68417157917
2023-10-02,133427.99211173042,139509.17676241935
2023-10-03,131387.5468019102,137641.72249358607
2023-10-04,131633.11601169463,138644.0321157646
2023-10-05,131483.87385537918,138591.77291795562
2023-10-06,133129.0207822964,140237.23866674904
2023-10-09,134246.13231411067,141135.071009909
2023-10-10,135441.8835023534,141869.68073268957
2023-10-11,135856.52794228605,142450.78163169374
2023-10-12,134525.88992108687,141582.3476570888
2023-10-13,134594.98028172928,140877.16714031275
2023-10-16,136055.54713453425,142359.3897104271
2023-10-17,136453.0464448465,142352.85217112605
2023-10-18,134791.86147854337,140455.9892545879
2023-10-19,134173.31958192322,139221.86424511825
2023-10-20,133128.44012970352,137511.10533651317
2023-10-23,132870.28824328657,137272.77296822067
2023-10-24,133578.2423157354,138307.7394494549
2023-10-25,131846.74740702426,136322.71226470126
2023-10-26,131016.58891725897,134690.32159450994
2023-10-27,130860.89057833655,134079.7812103514
2023-10-30,131518.6254295077,135682.8249077369
2023-10-31,132205.4511173141,136534.9458715388
2023-11-01,133704.24287096356,137991.05940104832
2023-11-02,136077.98533679076,140635.5557232199
2023-11-03,137477.22781533335,141918.63004424865
2023-11-06,137059.55316167066,142245.12668075663
2023-11-07,137320.5034994382,142649.96071822886
2023-11-08,136985.2503483126,142754.41743894777
2023-11-09,136379.29420901285,141641.11355674927
2023-11-10,137862.07275882992,143851.40831034316
2023-11-13,137884.92500409414,143714.30500971843
2023-11-14,140370.13112189647,146502.43189266595
2023-11-15,140760.98281946025,146812.605239221
2023-11-16,140205.62579875079,146992.1511495533
2023-11-17,140908.013491308,147174.99666698565
2023-11-20,141893.0001929686,148307.89260878757
2023-11-21,141330.61360826294,147984.65446278028
2023-11-22,141817.84698496448,148556.01072773195
2023-11-23,141837.48560036081,148556.01072773195
2023-11-24,141804.7069485006,148647.43348644814
2023-11-27,141332.49591458667,148379.71302875047
2023-11-28,142146.37700992965,148526.61235917694
2023-11-29,142241.65974813863,148422.1453593082
2023-11-30,142522.17487620772,149006.54586541242
2023-12-01,143958.87093413973,149888.07547691916
2023-12-04,143816.32233298922,149101.2579520788
2023-12-05,144235.88780654574,149071.89042097333
2023-12-06,143890.10412372256,148471.12550831682
2023-12-07,144358.33719624684,149604.03172926858
2023-12-08,144889.88494300572,150247.19813503328
2023-12-11,143932.41021499096,150831.58836198767
2023-12-12,143988.11866072594,151520.48670541015
2023-12-13,146495.04802786128,153609.97061088268
2023-12-14,147921.228680452,154102.96891657042
2023-12-15,147300.32281918245,153849.22810266115
2023-12-18,147738.28468011026,154714.6502863617
2023-12-19,148660.28176364626,155655.44947587128
2023-12-20,147647.64878203196,153498.47267252038
2023-12-21,148790.93086534482,154953.94889473956
2023-12-22,149050.0653102365,155265.3454601261
2023-12-26,149348.85464262633,155920.95991635238
2023-12-27,150096.4671729231,156202.886159135
2023-12-28,149622.55157119274,156261.8782000921
2023-12-29,148829.78045264486,155809.50309458945
2024-01-02,148585.5441143738,154937.53309243804
2024-01-03,146977.41977793895,153672.22114234042
2024-01-04,147079.77648951526,153177.22868158287
2024-01-05,147307.25338443724,153387.0055716076
2024-01-08,148753.52495656075,155576.77286296219
2024-01-09,148252.8612183013,155340.7533033847
2024-01-10,148474.64252418219,156219.26084483715
2024-01-11,148598.30090162516,156150.44193662883
2024-01-12,148441.50118484537,156258.5991512917
2024-01-15,148429.90940894946,156258.5991512917
2024-01-16,147128.30310685752,155684.93007762506
2024-01-17,146016.94677523844,154819.52845222421
2024-01-18,146341.37884347816,156196.3075032346
2024-01-19,147534.05649429493,158143.4868582611
2024-01-22,147565.58635974326,158477.85732354992
2024-01-23,147120.16372103358,158940.04901715394
2024-01-24,147488.31899922894,159113.797486974
2024-01-25,148436.86880275857,159979.21967067453
2024-01-26,149158.83121481375,159775.95976165117
2024-01-29,150142.28817358275,161041.2922700485
2024-01-30,150448.86632470932,160916.72953223393
2024-01-31,148822.15319508244,158291.00293767825
2024-02-01,150142.53194855474,160362.73475136945
2024-02-02,150400.3343109505,162050.9309260661
2024-02-05,149032.8244816468,161460.87688754743
2024-02-06,150234.97533499828,161929.65751620173
2024-02-07,151264.33736547665,163280.19389765934
2024-02-08,151764.6961386619,163352.31241296773
2024-02-09,152984.33185036876,164296.41120957737
2024-02-12,154545.11490891024,164224.28241511915
2024-02-13,151530.30088141575,161962.40688760602
2024-02-14,153798.35614371745,163434.2680746772
2024-02-15,155002.121827461,164561.94220835817
2024-02-16,154521.52310356786,163742.41642871292
2024-02-19,154471.9140168321,163742.41642871292
2024-02-20,154567.1117197724,162840.95554565787
2024-02-21,153806.5411375538,162988.46134592514
2024-02-22,155577.2447165167,166361.5952048177
2024-02-23,155453.36250417872,166476.31051708132
2024-02-26,156200.36617454706,165866.60274406016
2024-02-27,157627.5892520572,166174.74081894604
2024-02-28,158119.7916380337,165955.11650337037
2024-02-29,159449.68942447964,166551.70808119007
2024-03-01,161026.25408567366,168115.32095977245
2024-03-04,161860.6562299253,167935.05550895105
2024-03-05,160237.2124351938,166256.68620150568
2024-03-06,162188.4678963892,167099.15504360365
2024-03-07,163093.4282240704,168757.86033739665
2024-03-08,162989.30789700203,167744.922074279
2024-03-11,163066.10335114755,167600.69532281207
2024-03-12,163531.770051883,169403.63764722183
2024-03-13,163605.38455550294,169138.0963692912
2024-03-14,162081.27151783605,168803.74646230208
2024-03-15,161745.76457525897,167644.64896754676
2024-03-18,161983.28373896723,168640.965845366
2024-03-19,161767.9060796422,169578.12621583068
2024-03-20,163306.56798233427,171146.6114114393
2024-03-21,163791.94533041219,171712.2319107778
2024-03-22,163238.66137884473,171386.67067690566
2024-03-25,164440.08943231596,170913.1513601731
2024-03-26,164251.79768305103,170597.47866845125
2024-03-27,165038.7584308892,172031.1630930003
2024-03-28,165796.16291720452,171998.28009264803
2024-04-01,164724.4000921923,171699.04376152743
2024-04-02,163030.64219261557,170607.36721060157
2024-04-03,163515.04762141258,170794.76639141503
2024-04-04,162830.8037863444,168710.0314531706
2024-04-05,163286.281969132,170472.52532294262
2024-04-08,164637.6369095519,170567.89527519906
2024-04-09,164529.75414158378,170765.20355646248
2024-04-10,162623.46130358434,169055.26697984495
2024-04-11,163089.19630123803,170331.1458959826
2024-04-12,160561.6704179495,167980.03706867018
2024-04-15,158569.10462309569,165875.56616272448
2024-04-16,157397.17295128948,165573.03022450383
2024-04-17,156595.79073845586,164593.13942813594
2024-04-18,156972.6319928865,164254.4517199125
2024-04-19,157062.46214758887,162820.79813281298
2024-04-22,158562.45072791472,164320.23827891672
2024-04-23,159969.65363538096,166270.141608652
2024-04-24,159189.84064557182,166191.2388544463
2024-04-25,158375.4393713689,165559.88319185283
2024-04-26,159446.65418860188,167128.38894576114
2024-04-29,159831.60745799434,167720.2726729521
2024-04-30,157375.93857705232,165063.3694169183
2024-05-01,156784.68961655733,164527.37342743142
2024-05-02,158712.77231550709,166066.27522978783
2024-05-03,161139.92886617608,168124.7263818801
2024-05-06,162772.44414494236,169860.9261863501
2024-05-07,162771.0279236791,170048.37676291275
2024-05-08,162019.39796723728,170064.77200691457
2024-05-09,163188.4112145495,171044.6730824323
2024-05-10,163090.4458940043,171264.99638019738
2024-05-13,163446.921220187,171288.0319549987
2024-05-14,164134.23971056278,172073.90379805336
2024-05-15,167281.6936504418,174204.69960675057
2024-05-16,165995.80178784483,173846.2862099757
2024-05-17,166936.3487385111,174096.1723426933
2024-05-20,168123.36414531874,174296.73911445742
2024-05-21,167401.17390504637,174724.2489564864
2024-05-22,166420.82317389947,174221.12568820192
2024-05-23,164404.51403188318,172948.56693746403
2024-05-24,166089.9278413354,174092.92413134244
2024-05-27,166090.45645213188,174092.92413134244
2024-05-28,166004.79454292404,174214.5675906012
2024-05-29,163533.45193102545,172994.61752876698
2024-05-30,164738.92520108633,171847.02240268755
2024-05-31,165006.63400411676,173412.19771204627
2024-06-03,165770.1511384014,173553.63881390536
2024-06-04,163992.5486021276,173747.60637146936
2024-06-05,166571.1546234724,175812.64645861188
2024-06-06,166319.707619118,175809.33657236196
2024-06-07,164284.64878216552,175595.61248879702
2024-06-10,165120.56698954024,176138.16657588465
2024-06-11,163938.2499361111,176562.34597336405
2024-06-12,165469.1913639965,178012.50787511366
2024-06-13,164581.62461782046,178370.88015528917
2024-06-14,163939.4222874373,178479.40741934645
2024-06-17,164663.3258208676,179899.9448112445
2024-06-18,164385.33752831246,180356.97637162663
2024-06-19,164396.51518833192,180356.97637162663
2024-06-20,164845.0147533169,179867.03097344268
2024-06-21,164261.72761954824,179625.90267639252
2024-06-24,164007.10048992117,179042.00584863068
2024-06-25,163832.8823564794,179731.4901035943
2024-06-26,163306.43765771214,179955.78115319932
2024-06-27,163756.18618717737,180239.48568890503
2024-06-28,163569.12591589874,179530.24490794045
2024-07-01,163677.0719538934,179899.67755334853
2024-07-02,164086.90183859834,181110.3763803228
2024-07-03,165076.3834688469,181918.6464908884
2024-07-04,165115.0104695647,181918.6464908884
2024-07-05,165335.4658909286,182967.6542908101
2024-07-08,165207.4635514746,183178.78802861428
2024-07-09,165611.76729250947,183356.9051371182
2024-07-10,166752.1873947138,185171.27787615496
2024-07-11,167916.61967651304,183574.63808912248
2024-07-12,168831.5243709793,184732.54320249587
2024-07-15,169385.79669923388,185240.53878780658
2024-07-16,171359.06407635487,186339.07153167864
2024-07-17,169203.6350727768,183726.37889912567
2024-07-18,167820.59221323367,182314.47599309694
2024-07-19,167254.3084998787,181103.756607823
2024-07-22,168770.89115379422,182970.96417706
2024-07-23,168095.29957710288,182683.9291968047
2024-07-24,165832.24148684036,178543.8782471706
2024-07-25,165250.91478125937,177613.57406965212
2024-07-26,167832.24815902786,179602.815705842
2024-07-29,167273.41059034166,179708.3620164444
2024-07-30,167042.66347027043,178797.89659812563
2024-07-31,169033.67205615484,181704.18230853466
2024-08-01,166185.29752586395,179131.06440288265
2024-08-02,163706.19214553048,175795.93256096487
2024-08-05,158227.5727595115,170676.114164761
2024-08-06,159816.3505768098,172249.66698124292
2024-08-07,159359.98641321503,171098.3713612195
2024-08-08,162765.05569953696,175053.71626729943
2024-08-09,163649.18530738592,175825.61874571553
2024-08-12,163635.14290203693,175918.0077445171
2024-08-13,165198.6813223108,178811.09502652587
2024-08-14,164855.32936127856,179375.19421168737
2024-08-15,166697.07572851257,182449.72904674968
2024-08-16,168154.90150543823,182858.77753565813
2024-08-19,169524.07733095493,184607.17869099343
2024-08-20,169073.5111149196,184306.96584063763
2024-08-21,170410.18369599857,184940.36705405015
2024-08-22,168898.19206067035,183488.86886282073
2024-08-23,171728.03577563504,185438.49465551024
2024-08-26,171763.38377282926,184996.42953730153
2024-08-27,171486.48681059555,185250.4478882566
2024-08-28,169629.88898352857,184175.02267323478
2024-08-29,170079.8115894822,184191.5104295852
2024-08-30,170691.90672114334,185949.84124367023
2024-09-02,170768.2787576964,185949.84124367023
2024-09-03,167864.29100870847,182123.1604561928
2024-09-04,167824.1583462935,181750.35624963572
2024-09-05,167060.64562005087,181308.31168972675
2024-09-06,164744.1487103177,178256.90494181437
2024-09-09,166727.97650312545,180252.66355900557
2024-09-10,167049.07660474378,181037.80558242125
2024-09-11,167280.87309435653,182895.08349290857
2024-09-12,169229.4202574502,184435.64023838993
2024-09-13,171462.08817629554,185398.89937030955
2024-09-16,171949.3872870663,185672.71536386493
2024-09-17,172265.6523654764,185748.59604801636
2024-09-18,171612.85831384893,185197.6747329554
2024-09-19,174331.18375903697,188357.95823601977
2024-09-20,173956.07755250123,188032.35588554826
2024-09-23,174550.28737194964,188502.2363832359
2024-09-24,175990.60161741998,189041.60393387175
2024-09-25,175004.78241698435,188624.64049958313
2024-09-26,176694.0854730424,189372.510325663
2024-09-27,176994.73010828745,189097.85144182038
2024-09-30,176262.34252854862,189855.60981005055
2024-10-01,175798.2811783749,188154.82167679456
2024-10-02,175843.11021340493,188234.21783019276
2024-10-03,174772.78700904356,187890.07189340194
2024-10-04,175154.0391743236,189597.50035745744
2024-10-07,174202.79754151413,187883.45212090213
2024-10-08,173876.9857484121,189660.38819620555
2024-10-09,174304.5163127739,190974.08410462076
2024-10-10,173982.38793900152,190639.86782657963
2024-10-11,175614.8656008898,191781.4290917004
2024-10-14,176289.24115021742,193349.90400815918
2024-10-15,175966.50670945167,191847.6062583987
2024-10-16,176912.00642807997,192681.47145207692
2024-10-17,176399.5122193053,192698.00032502672
2024-10-18,177415.7527612512,193439.2092620074
2024-10-21,175601.1157770636,193121.56297351545
2024-10-22,175325.88577576974,193019.01817466764
2024-10-23,174602.01121140074,191255.30108606414
2024-10-24,174466.91507508286,191668.95463410288
2024-10-25,173747.68654701763,191602.71579250548
2024-10-28,174638.3639129582,192195.06208143945
2024-10-29,174015.223958429,192506.10915573128
2024-10-30,173873.3252683233,191923.7336421464
2024-10-31,172353.4927215967,188161.44144929433
2024-11-01,172336.75090352865,188955.56744967404
2024-11-04,172465.29683792053,188548.5747907345
2024-11-05,174461.41289960468,190828.46966792486
2024-11-06,175443.65332143675,195573.4897025019
2024-11-07,176906.62302528377,197085.69655271235
2024-11-08,177201.39187033338,197939.44162218965
2024-11-11,177495.64282936457,198128.04346353488
2024-11-12,175765.59186121757,197512.58964575068
2024-11-13,175658.2272325109,197608.5352303984
2024-11-14,174944.35891088165,196337.88840153156
2024-11-15,174030.60719302378,193823.07383379704
2024-11-18,175074.9669202664,194617.22039247645
2024-11-19,175454.69195096014,195328.6814698074
2024-11-20,175255.39452826584,195394.83807820603
2024-11-21,176321.8453556411,196443.78420322866
2024-11-22,177415.70742561217,197052.63880681273
2024-11-25,178727.47067995995,197721.05080459532
2024-11-26,178719.37761416117,198753.44749836845
2024-11-27,178818.1886061684,198151.19210898448
2024-11-28,178786.98534015092,198151.19210898448
2024-11-29,179471.8271612046,199382.14086115223
2024-12-02,179004.928287541,199739.50578464297
2024-12-03,179032.95354864903,199832.1620413405
2024-12-04,179937.3537606646,201072.99933565853
2024-12-05,179762.78356002932,200742.1340604667
2024-12-06,180268.7636888969,201122.66818770673
2024-12-09,179947.26444827538,200086.941049384
2024-12-10,178864.21461926075,199464.86745910003
2024-12-11,179946.59582074138,201006.8632855596
2024-12-12,178935.5300576955,199971.1361472369
2024-12-13,178397.14684908622,199931.45862883748
2024-12-16,178890.08234236384,200785.16258171538
2024-12-17,178204.35472675366,199957.8966022373
2024-12-18,173315.09539976035,193998.47724674206
2024-12-19,172162.04267468967,193938.87873594416
2024-12-20,173737.44548019193,196268.2779987852
2024-12-23,173807.59674671758,197443.6165502947
2024-12-24,175543.89152935613,199638.1739254768
2024-12-26,175330.9706614362,199651.49570367514
2024-12-27,173936.3171020274,197549.84128478682
2024-12-30,172524.94736692,195295.50037410966
2024-12-31,172364.4855901866,194584.96442026467
2025-01-02,172634.88360489832,194106.8811610012
2025-01-03,174078.48321959405,196533.91178906444
2025-01-06,174347.34954500812,197666.03679462805
2025-01-07,172254.85580785866,195431.59631804965
2025-01-08,172147.83513735296,195717.13054242765
2025-01-09,172153.54289680882,195717.13054242765
2025-01-10,170092.2913762863,192729.04335755683
2025-01-13,170278.62008530842,193027.85824353382
2025-01-14,172199.1540529781,193293.4509172137
2025-01-15,174967.23428451302,196809.45467979368
2025-01-16,176135.5085807731,196430.95582422282
2025-01-17,177578.45488229266,198403.11351337127
2025-01-20,177590.44948859242,198403.11351337127
2025-01-21,179529.41822517745,200219.2131495819
2025-01-22,178954.20251489113,201344.73894094536
2025-01-23,179298.52490954386,202443.6828508112
2025-01-24,179945.58605385595,201852.67285135703
2025-01-27,179680.34818664743,198997.41284077565
2025-01-28,179447.7696032753,200707.28774249414
2025-01-29,179233.9361909778,199807.5126400136
2025-01-30,181144.61408009828,200879.89522668146
2025-01-31,179829.3016258228,199810.84308456318
2025-02-03,179509.57723467622,198466.18637681656
2025-02-04,180034.0814784828,199797.5829812639
2025-02-05,180376.2503031571,200607.64166390244
2025-02-06,180634.2490287954,201304.89695614844
2025-02-07,179987.08324811707,199462.23599673985
2025-02-10,181354.85530486124,200816.82236323616
2025-02-11,180863.6689870914,200969.5499716244
2025-02-12,180960.95873264625,200322.1279978241
2025-02-13,182269.87860302444,202437.04252001172
2025-02-14,182580.09212612902,202427.09230296232
2025-02-17,182620.1147587584,202427.09230296232
2025-02-18,182837.1495893454,203021.35051376733
2025-02-19,182995.37323065117,203499.4748896302
2025-02-20,182728.93990800067,202652.86355014492
2025-02-21,181338.1977002632,199186.63143111154
2025-02-24,180314.44652463734,198280.2776727306
2025-02-25,179453.9766683462,197294.19882815637
2025-02-26,179468.14525573538,197393.783231849
2025-02-27,178008.16580814667,194242.99766324088
2025-02-28,178788.43106008184,197274.2572774582
2025-03-03,177855.37219531354,193818.03705037327
2025-03-04,176546.79825916275,191523.8130382998
2025-03-05,179200.86792711573,193582.29502784158
2025-03-06,177241.95911162795,190145.99579315513
2025-03-07,177138.72115863065,191211.73804902352
2025-03-10,172578.53717784467,186118.7071173142
2025-03-11,172954.5338484258,184571.51004103333
2025-03-12,173528.1318155926,185550.94855480807
2025-03-13,171869.15842710948,183077.49728604747
2025-03-14,175281.59893161553,186859.09372230733
2025-03-17,176876.4964408269,188300.00438919698
2025-03-18,175657.74567972386,186264.79439490294
2025-03-19,177558.09731242983,188293.3640583975
2025-03-20,176512.28093837804,187748.85693283944
2025-03-21,175798.2319875052,187810.79908980185
2025-03-24,178436.92520949914,191174.21915209142
2025-03-25,178914.025734385,191633.7793833353
2025-03-26,177558.02772724783,189346.0106773641
2025-03-27,177529.45107263883,188843.15466697558
2025-03-28,174378.49906799843,185040.17759903937
2025-03-31,174381.23222144548,186282.3100662378
2025-04-01,175451.6860056519,186808.4380718741
2025-04-02,176579.08633017488,187990.64309547964
2025-04-03,171322.13354394672,178726.31259860916
2025-04-04,164777.1639696346,168263.1454136849
2025-04-07,160934.91901253595,167963.43624167144
2025-04-08,159514.71444465147,165332.672863692
2025-04-09,168729.6093019771,182695.81189402484
2025-04-10,165691.96294298966,174690.2455288011
2025-04-11,168524.5901213581,177807.21269442112
2025-04-14,169838.12373037855,179532.1773881112
2025-04-15,169807.48349928804,179029.34193602236
2025-04-16,168974.4091906345,175049.8924235573
2025-04-17,169552.97177826002,175299.63464817707
2025-04-21,168404.29034172132,171127.02963098572
2025-04-22,171400.74332961722,175579.37143204286
2025-04-23,172895.00218790548,178300.0362545615
2025-04-24,175194.64354094933,182053.0772125536
2025-04-25,175893.98676235857,183368.45890154332
2025-04-28,176193.53175522186,183438.39823708468
2025-04-29,176699.05423888634,184593.93914599385
2025-04-30,176007.38210208344,184667.2089260848
2025-05-01,175963.70522983003,185975.92972597535
2025-05-02,177450.73771874062,188736.58044138874
2025-05-05,177044.6098206767,187654.30931257055
2025-05-06,177711.0245826853,186085.81383781208
2025-05-07,177578.3408057683,186868.40663206636
2025-05-08,178448.28373553074,188170.46654285773
2025-05-09,178800.05505074325,187930.7156518867
2025-05-12,180031.0177541643,194141.35742957934
2025-05-13,181047.16229080246,195423.4141147735
2025-05-14,180096.33360583495,195673.17689769296
2025-05-15,181163.21147212706,196628.91169192648
2025-05-16,181666.08077638023,197874.37460367454
2025-05-19,182316.9933310397,198090.8123827984
2025-05-20,182904.0557833852,197424.80570607944
2025-05-21,181726.49865743387,194098.041092135
2025-05-22,181827.70102139865,194174.64131677555
2025-05-23,181525.2111138856,192849.24773583736
2025-05-26,181524.97403445203,192849.24773583736
2025-05-27,182792.41924410753,196858.7123658481
2025-05-28,181142.77058692332,195719.7825630875
2025-05-29,181328.41661415852,196492.38402369304
2025-05-30,181294.20190868818,196272.59524171986
2025-06-02,182046.71474630467,197378.1794823852
2025-06-03,182300.04523452124,198503.74639034804
2025-06-04,182692.6305178745,198450.45927755462
2025-06-05,182355.77059736935,197491.3940387715
2025-06-06,183009.16764378184,199519.42918647415
2025-06-09,183627.23898973802,199699.27319215194
2025-06-10,183938.96784877122,200831.500989214
2025-06-11,184208.78155555483,200258.72620158378
2025-06-12,184352.3452263285,201054.62021573674
2025-06-13,182864.00789299927,198806.79628606094
2025-06-16,184268.79969778052,200698.28320723044
2025-06-17,182792.16315624304,198983.28928888944
2025-06-18,182505.58234424825,198953.31528794314
2025-06-19,182225.78195972677,198953.31528794314
2025-06-20,181698.78646688518,198486.06625261565
2025-06-23,182752.63701100874,200446.60850243992
2025-06-24,184364.2565236487,202660.98407852201
2025-06-25,184162.44866320043,202774.54812600306
2025-06-26,185324.764648783,204361.03211298923
2025-06-27,185567.91874030282,205376.36541802064
2025-06-30,186451.65355096455,206358.31204435742
2025-07-01,186122.12642239738,206291.51812866842
2025-07-02,186695.83400666786,207226.69462321314
2025-07-03,187392.91459646623,208859.9281836917
2025-07-04,187233.32394407014,208859.9281836917
2025-07-07,186051.16199647222,207303.52098915025
2025-07-08,185894.67514760018,207189.95694166922
2025-07-09,186546.9445958192,208432.397783363
2025-07-10,186440.46865748038,209020.2418046651
2025-07-11,186101.1732161403,208285.44705718732
2025-07-14,186704.939398103,208682.8801067716
2025-07-15,185650.0964683038,207791.14329946935
2025-07-16,186400.40529803708,208485.82880425424
2025-07-17,187189.45911286375,209761.67688294238
2025-07-18,187068.155510674,209608.06526766752
2025-07-21,187791.29289471224,210005.51887555147
2025-07-22,188620.07342664478,210035.5751096965
2025-07-23,189902.71939662134,211822.46140204932
2025-07-24,189614.16776980134,211892.58576228787
2025-07-25,189207.98068052472,212787.67357243938
2025-07-28,188223.07429167672,212734.24255154814
2025-07-29,188130.6222820175,212173.1448781412
2025-07-30,187400.5647706385,211905.9486570856
2025-07-31,186866.94678027224,211111.04144131774
2025-08-01,185027.04973448397,207650.85346239284
2025-08-04,187352.25381975697,210807.08698041853
2025-08-05,187408.97193688355,209738.3226544959
2025-08-06,188404.20417441012,211344.83042537898
2025-08-07,189408.08550053017,211167.80290675856
2025-08-08,189927.9330716255,212814.41992033453
2025-08-11,189401.28919602223,212393.57096740472
2025-08-12,191786.3995664634,214654.73723357858
2025-08-13,193417.1991415989,215389.51142275665
2025-08-14,191651.9351664729,215409.55576495326
2025-08-15,191845.51449254135,214905.21955698714
2025-08-18,191619.8249667365,214858.44942519508
2025-08-19,190420.55033209754,213692.8143911387
2025-08-20,190845.47105820346,213125.0147120332
2025-08-21,190374.53282682394,212269.9950279752
2025-08-22,194145.19567111836,215529.78070153348
2025-08-25,192809.6284359451,214581.22075389136
2025-08-26,192975.13968320785,215479.6801251918
2025-08-27,193194.1039157413,215970.6534383602
2025-08-28,194049.17749666923,216735.48386168334
2025-08-29,193664.68378329033,215442.9424436479
2025-09-01,193744.97885632602,215442.9424436479
2025-09-02,193170.87044809602,213846.44656471326
2025-09-03,193996.07263199674,215005.42070967046
2025-09-04,194433.94434679742,216802.27777737234
2025-09-05,195360.74176021267,216174.3861882764
2025-09-08,196332.91537366013,216705.4276275383
2025-09-09,196428.49524875332,217206.43339095483
2025-09-10,197731.03664672322,217834.34553835043
2025-09-11,199405.93042730796,219644.6066174494
2025-09-12,199585.77659353733,219571.0901377622
2025-09-15,200704.7966296153,220740.07617466783
2025-09-16,200503.11962372193,220436.14227206833
2025-09-17,200268.27317556858,220162.28516191358
2025-09-18,201108.34350714207,221191.0019200424
2025-09-19,201166.9809246548,222286.5125938602
2025-09-22,202226.19425953046,223338.17241444177
2025-09-23,202291.33026825756,222122.41624574404
2025-09-24,201657.9934623396,221415.7041356412
2025-09-25,200801.158509148,220394.20334070313
2025-09-26,201646.74725238016,221656.87354929073
2025-09-29,203164.20222305652,222279.81058816164
2025-09-30,203498.81049502097,223117.10901788788
2025-10-01,204434.71274860002,223877.3754986801
2025-10-02,204846.46492584908,224135.23825167696
2025-10-03,206324.25967603186,224131.92836542707
2025-10-06,207260.7496767672,224935.7167666605
2025-10-07,205370.0182786303,224101.76933978358
2025-10-08,207138.46059993413,225438.0999361562
2025-10-09,205566.65991979674,224785.0038716418
2025-10-10,200205.03251840622,218709.55347270286
2025-10-13,204380.38843298884,222065.44919730633
2025-10-14,204510.2337818494,221794.16187461268
2025-10-15,206667.75453138506,222778.82219650835
2025-10-16,206404.03625442294,221261.6402377732
2025-10-17,205987.70202493336,222517.6084406622
2025-10-20,209015.62035554636,224831.897353232
2025-10-21,206626.91332429636,224828.5463503827
2025-10-22,205602.04545821896,223659.6836632752
2025-10-23,207128.05365747775,224985.9612511
2025-10-24,208601.1827644786,226824.6750169683
2025-10-27,209912.91242397952,229500.68721256286
2025-10-28,209869.85320700382,230110.24079833634
2025-10-29,210394.56708039262,230220.78277576313
2025-10-30,209323.70451294712,227688.78146948875
2025-10-31,209436.93950782574,228435.62338058418
2025-11-03,208135.79263297806,228864.34616229482
2025-11-04,203588.36312437136,226151.4934936579
2025-11-05,205946.2031630684,226935.1964360954
2025-11-06,204400.7265241703,224500.3330958507
2025-11-07,204932.11483398415,224721.3553758052
2025-11-10,208650.4886192018,228227.98455372712
2025-11-11,208891.9549303761,228750.45318201877
2025-11-12,209996.99648899923,228877.75017369192
2025-11-13,207212.31642439563,225079.74821428038
2025-11-14,206463.64011556024,225042.88718293834
2025-11-17,204056.8694373205,222946.29010577349
2025-11-18,202227.1068281914,221074.08686971207
2025-11-19,202533.39543521492,221928.1403136847
2025-11-20,198539.6585393556,218545.45712458668
2025-11-21,200783.62819318078,220722.43715353482
2025-11-24,203337.52581165088,223971.1419035608
2025-11-25,205936.15094182504,226077.81254757318
2025-11-26,208913.4884723908,227638.5369850493
2025-11-27,208899.08043405748,227638.5369850493
2025-11-28,211121.88886909056,228881.0806182415
2025-12-01,209931.5258593647,227836.12280335854
2025-12-02,210268.42855282844,228258.1435793706
2025-12-03,213224.8486684651,229048.54852750665
2025-12-04,212488.67213750814,229215.99587847208
2025-12-05,214278.58616415807,229651.40010758158
2025-12-08,214384.4739927636,228961.46357002482
2025-12-09,213986.56831833144,228763.85719341587
2025-12-10,216622.14548656452,230281.05971045073
2025-12-11,216838.74499770862,230816.9117918398
2025-12-12,213610.61908515103,228335.17552830462
2025-12-15,213915.54136877513,227990.18670122654
2025-12-16,212488.23569837087,227367.24966235564
2025-12-17,211329.17874527714,224865.38682342507
2025-12-18,212746.01205382714,226563.4201445228
2025-12-19,215224.41020522485,228616.86535064082
2025-12-22,218385.77329994034,230041.12379478253
2025-12-23,219952.93590926204,231092.51635746812
2025-12-24,221311.61771010433,231905.41208546373
2025-12-26,223129.94005202327,231881.89339061972
2025-12-29,220677.77654753538,231055.55253462764
2025-12-30,221187.83400717162,230773.41042969827
