date,ticker,type,delta_eur,cost,weight_before,weight_after,reason
2024-01-02,IEF,buy,218384.37222614125,436.7687444522825,0.0,0.021872919511469746,initial_allocation
2024-01-02,ITB,buy,2496058.792147347,4992.117584294694,0.0,0.25,initial_allocation
2024-01-02,IUSN.DE,buy,875586.5913105201,1751.1731826210403,0.0,0.08769691183408157,initial_allocation
2024-01-02,IWDA.L,buy,2496058.792147347,4992.117584294694,0.0,0.25,initial_allocation
2024-01-02,XEON.DE,sell,-6318544.421461626,3159.272210730813,1.0,0.36872684951575563,initial_allocation
2024-01-02,XLF,buy,216691.04221965832,433.38208443931666,0.0,0.021703319138693056,initial_allocation
2024-01-09,IEF,sell,-22444.372919499117,44.88874583899823,0.021819721345435788,0.019599658277371555,"Banda DN cruzada: IWDA.L peso=0.250 fuera de [0.210, 0.230]"
2024-01-09,ITB,sell,-2488607.421735833,4977.2148434716655,0.2497396787696692,0.0,"Banda DN cruzada: IWDA.L peso=0.250 fuera de [0.210, 0.230]"
2024-01-09,IUSN.DE,sell,-863448.6797716421,1726.8973595432842,0.08664982433020925,0.0,"Banda DN cruzada: IWDA.L peso=0.250 fuera de [0.210, 0.230]"
2024-01-09,IWDA.L,sell,-302841.7762552742,605.6835525105485,0.2504596189081127,0.2204317649826912,"Banda DN cruzada: IWDA.L peso=0.250 fuera de [0.210, 0.230]"
2024-01-09,XEON.DE,sell,-698390.3314492549,349.19516572462743,0.3695912784674503,0.30000000000000016,"Banda DN cruzada: IWDA.L peso=0.250 fuera de [0.210, 0.230]"
2024-01-09,XLF,buy,1976306.0431051315,3952.612086210263,0.021739878179122762,0.2204317649826912,"Banda DN cruzada: IWDA.L peso=0.250 fuera de [0.210, 0.230]"
2024-01-09,XLP,buy,190064.32998239374,380.1286599647875,0.0,0.01910504677455476,"Banda DN cruzada: IWDA.L peso=0.250 fuera de [0.210, 0.230]"
2024-01-09,XLV,buy,2192939.7092118906,4385.879418423781,0.0,0.2204317649826912,"Banda DN cruzada: IWDA.L peso=0.250 fuera de [0.210, 0.230]"
2024-01-16,CIBR,buy,2476932.769540835,4953.86553908167,0.0,0.25,"Banda DN cruzada: IWDA.L peso=0.222 fuera de [0.000, 0.020]"
2024-01-16,GLD,buy,187239.86548060618,374.4797309612124,0.0,0.018898359675232124,"Banda DN cruzada: IWDA.L peso=0.222 fuera de [0.000, 0.020]"
2024-01-16,IEF,sell,-194658.59980773734,389.3171996154747,0.019615301352757516,0.0,"Banda DN cruzada: IWDA.L peso=0.222 fuera de [0.000, 0.020]"
2024-01-16,IEMA.L,buy,173441.76524549854,346.8835304909971,0.0,0.017505699728544766,"Banda DN cruzada: IWDA.L peso=0.222 fuera de [0.000, 0.020]"
2024-01-16,IWDA.L,sell,-2200735.0887262686,4401.470177452537,0.22176303541477263,0.0,"Banda DN cruzada: IWDA.L peso=0.222 fuera de [0.000, 0.020]"
2024-01-16,XEON.DE,buy,1409430.0913327648,704.7150456663825,0.3010247504888611,0.44376897732772025,"Banda DN cruzada: IWDA.L peso=0.222 fuera de [0.000, 0.020]"
2024-01-16,XLF,sell,-1972682.2718368794,3945.364543673759,0.21857750643231816,0.019826963268502862,"Banda DN cruzada: IWDA.L peso=0.222 fuera de [0.000, 0.020]"
2024-01-16,XLP,sell,-189201.95710904006,378.4039142180801,0.019065447963207874,0.0,"Banda DN cruzada: IWDA.L peso=0.222 fuera de [0.000, 0.020]"
2024-01-16,XLV,buy,294150.6249173931,588.3012498347862,0.21995395834808268,0.25,"Banda DN cruzada: IWDA.L peso=0.222 fuera de [0.000, 0.020]"
2024-01-23,CIBR,sell,-2546889.993969073,5093.779987938146,0.25497906702200757,0.0,"Banda DN cruzada: XLK peso=0.000 fuera de [0.212, 0.232]"
2024-01-23,GLD,sell,-15291.562660377851,30.583125320755702,0.018749301071718478,0.017237944940672656,"Banda DN cruzada: XLK peso=0.000 fuera de [0.212, 0.232]"
2024-01-23,IEMA.L,sell,-172344.0454443026,344.68809088860525,0.017254032965006168,0.0,"Banda DN cruzada: XLK peso=0.000 fuera de [0.212, 0.232]"
2024-01-23,XEON.DE,buy,977470.3569705421,488.7351784852711,0.44042383421949444,0.5388931082262547,"Banda DN cruzada: XLK peso=0.000 fuera de [0.212, 0.232]"
2024-01-23,XLF,sell,-200806.69217080713,401.6133843416143,0.020103539274460555,0.0,"Banda DN cruzada: XLK peso=0.000 fuera de [0.212, 0.232]"
2024-01-23,XLK,buy,2214306.8914367477,4428.613782873495,0.0,0.22193447341653633,"Banda DN cruzada: XLK peso=0.000 fuera de [0.212, 0.232]"
2024-01-23,XLV,sell,-267768.50472216774,535.5370094443355,0.24849022544731278,0.22193447341653633,"Banda DN cruzada: XLK peso=0.000 fuera de [0.212, 0.232]"
2024-01-30,DBA,buy,2054409.500972853,4108.819001945706,0.0,0.2057960099252612,"Banda DN cruzada: XLK peso=0.222 fuera de [0.000, 0.020]"
2024-01-30,GLD,buy,9098.928411518253,18.197856823036506,0.0172714723330068,0.01819867103321423,"Banda DN cruzada: XLK peso=0.222 fuera de [0.000, 0.020]"
2024-01-30,IEF,buy,182107.10934892186,364.2142186978437,0.0,0.018242184172768083,"Banda DN cruzada: XLK peso=0.222 fuera de [0.000, 0.020]"
2024-01-30,XEON.DE,sell,-100811.99885614775,50.405999428073876,0.5384896576774609,0.5288815674343783,"Banda DN cruzada: XLK peso=0.222 fuera de [0.000, 0.020]"
2024-01-30,XLK,sell,-2214964.9981163833,4429.929996232767,0.22167737294308504,0.0,"Banda DN cruzada: XLK peso=0.222 fuera de [0.000, 0.020]"
2024-01-30,XLV,buy,61067.75565197412,122.13551130394823,0.22256149704644715,0.22888156743437824,"Banda DN cruzada: XLK peso=0.222 fuera de [0.000, 0.020]"
2024-02-06,CIBR,buy,2244669.5609612484,4489.339121922497,0.0,0.22353664350468305,"Banda DN cruzada: XLV peso=0.233 fuera de [0.000, 0.020]"
2024-02-06,DBA,buy,180779.69042393006,361.55938084786015,0.20532881354419752,0.22353664350468305,"Banda DN cruzada: XLV peso=0.233 fuera de [0.000, 0.020]"
2024-02-06,GLD,sell,-30903.29271245704,61.80658542491408,0.01807011885242282,0.015010619910102328,"Banda DN cruzada: XLV peso=0.233 fuera de [0.000, 0.020]"
2024-02-06,IEF,sell,-181561.35033805115,363.12270067610234,0.018062871077849187,0.0,"Banda DN cruzada: XLV peso=0.233 fuera de [0.000, 0.020]"
2024-02-06,XEON.DE,buy,117294.03732287046,58.647018661435226,0.5257109816402609,0.5379160930805316,"Banda DN cruzada: XLV peso=0.233 fuera de [0.000, 0.020]"
2024-02-06,XLV,sell,-2340293.7078954503,4680.587415790901,0.23282721488526964,0.0,"Banda DN cruzada: XLV peso=0.233 fuera de [0.000, 0.020]"
2024-02-13,CIBR,sell,-2299690.012317295,4599.380024634591,0.22723946979658616,0.0,"Banda DN cruzada: XLK peso=0.000 fuera de [0.215, 0.235]"
2024-02-13,DBA,buy,2407.0976189509965,4.814195237901993,0.2240441920765774,0.2246172729842003,"Banda DN cruzada: XLK peso=0.000 fuera de [0.215, 0.235]"
2024-02-13,GLD,buy,505.16645131472615,1.0103329026294523,0.014576633124432416,0.014648412080508289,"Banda DN cruzada: XLK peso=0.000 fuera de [0.215, 0.235]"
2024-02-13,SOXX,buy,2269760.525689408,4539.521051378816,0.0,0.2246172729842003,"Banda DN cruzada: XLK peso=0.000 fuera de [0.215, 0.235]"
2024-02-13,XEON.DE,sell,-2374052.3046952016,1187.0261523476008,0.534139705002404,0.30000000000000004,"Banda DN cruzada: XLK peso=0.000 fuera de [0.215, 0.235]"
2024-02-13,XLI,buy,116205.31808981868,232.41063617963738,0.0,0.011499768966890726,"Banda DN cruzada: XLK peso=0.000 fuera de [0.215, 0.235]"
2024-02-13,XLK,buy,2269760.525689408,4539.521051378816,0.0,0.2246172729842003,"Banda DN cruzada: XLK peso=0.000 fuera de [0.215, 0.235]"
2024-02-20,DBA,sell,-4169.857683752663,8.339715367505327,0.22518026267922836,0.22518254551937358,"Banda DN cruzada: IWDA.L peso=0.000 fuera de [0.002, 0.022]"
2024-02-20,GLD,sell,-21936.745944564944,43.87349188912989,0.0149123159791804,0.01276054774049302,"Banda DN cruzada: IWDA.L peso=0.000 fuera de [0.002, 0.022]"
2024-02-20,IEMA.L,buy,2266622.7124010767,4533.245424802153,0.0,0.22518254551937358,"Banda DN cruzada: IWDA.L peso=0.000 fuera de [0.002, 0.022]"
2024-02-20,IWDA.L,buy,117686.45281474269,235.3729056294854,0.0,0.011691815701386166,"Banda DN cruzada: IWDA.L peso=0.000 fuera de [0.002, 0.022]"
2024-02-20,SOXX,sell,-2266883.8102154946,4533.767620430989,0.22479265546854688,0.0,"Banda DN cruzada: IWDA.L peso=0.000 fuera de [0.002, 0.022]"
2024-02-20,XEON.DE,sell,-14038.601919910405,7.019300959955203,0.30083819423416414,0.30000000000000004,"Banda DN cruzada: IWDA.L peso=0.000 fuera de [0.002, 0.022]"
2024-02-20,XLI,sell,-117949.6019175202,235.8992038350404,0.011696322549490032,0.0,"Banda DN cruzada: IWDA.L peso=0.000 fuera de [0.002, 0.022]"
2024-02-20,XLK,sell,-2244573.1693625976,4489.146338725195,0.2225802490893902,0.0,"Banda DN cruzada: IWDA.L peso=0.000 fuera de [0.002, 0.022]"
2024-02-20,XLV,buy,2266622.7124010767,4533.245424802153,0.0,0.22518254551937358,"Banda DN cruzada: IWDA.L peso=0.000 fuera de [0.002, 0.022]"
2024-02-27,DBA,sell,-33458.973847744055,66.91794769548811,0.22748133510406024,0.22432944747451328,"Banda DN cruzada: IEMA.L peso=0.225 fuera de [0.000, 0.020]"
2024-02-27,GLD,buy,12074.328532565982,24.148657065131964,0.01267378243430326,0.013870489966188426,"Banda DN cruzada: IEMA.L peso=0.225 fuera de [0.000, 0.020]"
2024-02-27,IEF,buy,133473.78740834648,266.94757481669296,0.0,0.013141167610271726,"Banda DN cruzada: IEMA.L peso=0.225 fuera de [0.000, 0.020]"
2024-02-27,IEMA.L,sell,-2289182.447021181,4578.364894042363,0.22524064322518647,0.0,"Banda DN cruzada: IEMA.L peso=0.225 fuera de [0.000, 0.020]"
2024-02-27,IWDA.L,sell,-119782.61489060025,239.56522978120051,0.01178582915497253,0.0,"Banda DN cruzada: IEMA.L peso=0.225 fuera de [0.000, 0.020]"
2024-02-27,XEON.DE,buy,2303792.688448635,1151.8963442243175,0.29732342520429345,0.5243294474745133,"Banda DN cruzada: IEMA.L peso=0.225 fuera de [0.000, 0.020]"
2024-02-27,XLV,sell,-13271.151579560246,26.542303159120493,0.22549498487718408,0.22432944747451328,"Banda DN cruzada: IEMA.L peso=0.225 fuera de [0.000, 0.020]"
2024-03-05,DBA,sell,-2253112.087303821,4506.224174607642,0.22267906575118065,0.0,"Banda DN cruzada: XLF peso=0.000 fuera de [0.214, 0.234]"
2024-03-05,GLD,buy,2118146.736145443,4236.293472290886,0.014604189789320687,0.22447113414872913,"Banda DN cruzada: XLF peso=0.000 fuera de [0.214, 0.234]"
2024-03-05,IEF,sell,-4112.806789413444,8.225613578826888,0.013378869119733162,0.013002905733352456,"Banda DN cruzada: XLF peso=0.000 fuera de [0.214, 0.234]"
2024-03-05,XEON.DE,sell,-2301670.693817366,1150.835346908683,0.5267742192721168,0.30000000000000004,"Banda DN cruzada: XLF peso=0.000 fuera de [0.214, 0.234]"
2024-03-05,XLF,buy,2265914.899392387,4531.829798784774,0.0,0.22447113414872913,"Banda DN cruzada: XLF peso=0.000 fuera de [0.214, 0.234]"
2024-03-05,XLI,buy,2265914.899392387,4531.829798784774,0.0,0.22447113414872913,"Banda DN cruzada: XLF peso=0.000 fuera de [0.214, 0.234]"
2024-03-05,XLP,buy,137120.0346158598,274.2400692317196,0.0,0.013583691820460105,"Banda DN cruzada: XLF peso=0.000 fuera de [0.214, 0.234]"
2024-03-05,XLV,sell,-2251944.3486478305,4503.888697295662,0.2225636560676488,0.0,"Banda DN cruzada: XLF peso=0.000 fuera de [0.214, 0.234]"
2024-03-12,GLD,sell,-16214.808263231069,32.42961652646214,0.22556088759124002,0.22417210816024505,"Banda DN cruzada: XLE peso=0.000 fuera de [0.214, 0.234]"
2024-03-12,IEF,buy,22512.286552198086,45.024573104396175,0.012889194977721988,0.015114797366690155,"Banda DN cruzada: XLE peso=0.000 fuera de [0.214, 0.234]"
2024-03-12,XEON.DE,buy,19973.749333840795,9.986874666920398,0.2977641503308421,0.29999999999999993,"Banda DN cruzada: XLE peso=0.000 fuera de [0.214, 0.234]"
2024-03-12,XLE,buy,2279576.646331797,4559.153292663594,0.0,0.22417210816024505,"Banda DN cruzada: XLE peso=0.000 fuera de [0.214, 0.234]"
2024-03-12,XLF,sell,-12138.521759562194,24.27704351912439,0.2251603935481058,0.22417210816024505,"Banda DN cruzada: XLE peso=0.000 fuera de [0.214, 0.234]"
2024-03-12,XLI,sell,-2163553.307009549,4327.106614019098,0.22492613003662354,0.012368878152574684,"Banda DN cruzada: XLE peso=0.000 fuera de [0.214, 0.234]"
2024-03-12,XLP,sell,-139432.88897771615,278.8657779554323,0.013699243515466562,0.0,"Banda DN cruzada: XLE peso=0.000 fuera de [0.214, 0.234]"
2024-03-19,DBA,buy,2300715.867254775,4601.431734509551,0.0,0.2237085250856922,"Banda DN cruzada: XLF peso=0.223 fuera de [0.000, 0.020]"
2024-03-19,GLD,buy,21025.010858807247,42.0500217176145,0.2214605316794584,0.2237085250856922,"Banda DN cruzada: XLF peso=0.223 fuera de [0.000, 0.020]"
2024-03-19,IEF,buy,2839.149547395995,5.67829909479199,0.014787768600477097,0.015077429239970809,"Banda DN cruzada: XLF peso=0.223 fuera de [0.000, 0.020]"
2024-03-19,XEON.DE,buy,31894.230732230004,15.947115366115002,0.29662602809337385,0.30000000000000004,"Banda DN cruzada: XLF peso=0.223 fuera de [0.000, 0.020]"
2024-03-19,XLE,sell,-80996.6134916041,161.99322698320822,0.2313714207406021,0.2237085250856922,"Banda DN cruzada: XLF peso=0.223 fuera de [0.000, 0.020]"
2024-03-19,XLF,sell,-2299919.356173427,4599.838712346854,0.22342562896588442,0.0,"Banda DN cruzada: XLF peso=0.223 fuera de [0.000, 0.020]"
2024-03-19,XLI,buy,14984.802554034643,29.969605108069285,0.012328621920204256,0.013796995502952634,"Banda DN cruzada: XLF peso=0.223 fuera de [0.000, 0.020]"
