combo,MERTON_GAMMA,VIEW_SCALE,BL_TAU,MERTON_MAX_SECTOR,Strategy_Total Return,Strategy_CAGR,Strategy_Volatility,Strategy_Sharpe,Strategy_Max Drawdown,SP500_Total Return,SP500_CAGR,SP500_Volatility,SP500_Sharpe,SP500_Max Drawdown,n_rebalances,beats_sp500,elapsed_s,combo_dir
1,-0.5,0.15,0.05,0.35,1.1905795624677542,0.1397895280361947,0.17782517460487288,0.7044024900099704,-0.3421505971689135,1.3077341042969826,0.14974119469010772,0.20462885717562257,0.6607678129971545,-0.33717269756338436,72,False,14.8,results_optimization\combo_001
2,-0.5,0.15,0.05,0.45,1.179361588525774,0.13881352110229472,0.1786168480666361,0.6958161572634163,-0.3429398840820809,1.3077341042969826,0.14974119469010772,0.20462885717562257,0.6607678129971545,-0.33717269756338436,72,False,7.9,results_optimization\combo_002
3,-0.5,0.15,0.07,0.35,1.1905795624677542,0.1397895280361947,0.17782517460487288,0.7044024900099704,-0.3421505971689135,1.3077341042969826,0.14974119469010772,0.20462885717562257,0.6607678129971545,-0.33717269756338436,72,False,7.5,results_optimization\combo_003
4,-0.5,0.15,0.07,0.45,1.179361588525774,0.13881352110229472,0.1786168480666361,0.6958161572634163,-0.3429398840820809,1.3077341042969826,0.14974119469010772,0.20462885717562257,0.6607678129971545,-0.33717269756338436,72,False,7.6,results_optimization\combo_004
5,-0.5,0.15,0.1,0.35,1.1905795624677542,0.1397895280361947,0.17782517460487288,0.7044024900099704,-0.3421505971689135,1.3077341042969826,0.14974119469010772,0.20462885717562257,0.6607678129971545,-0.33717269756338436,72,False,7.4,results_optimization\combo_005
6,-0.5,0.15,0.1,0.45,1.179361588525774,0.13881352110229472,0.1786168480666361,0.6958161572634163,-0.3429398840820809,1.3077341042969826,0.14974119469010772,0.20462885717562257,0.6607678129971545,-0.33717269756338436,72,False,7.5,results_optimization\combo_006
7,-0.5,0.2,0.05,0.35,1.2118783400717161,0.14163120140165653,0.17722103788633736,0.7171957159234694,-0.34090790529726395,1.3077341042969826,0.14974119469010772,0.20462885717562257,0.6607678129971545,-0.33717269756338436,72,False,7.7,results_optimization\combo_007
8,-0.5,0.2,0.05,0.45,1.210904033630646,0.14154727775712206,0.1767398308848598,0.718673571560707,-0.33672979319419144,1.3077341042969826,0.14974119469010772,0.20462885717562257,0.6607678129971545,-0.33717269756338436,72,False,7.5,results_optimization\combo_008
9,-0.5,0.2,0.07,0.35,1.2118783400717161,0.14163120140165653,0.17722103788633736,0.7171957159234694,-0.34090790529726395,1.3077341042969826,0.14974119469010772,0.20462885717562257,0.6607678129971545,-0.33717269756338436,72,False,7.6,results_optimization\combo_009
10,-0.5,0.2,0.07,0.45,1.210904033630646,0.14154727775712206,0.1767398308848598,0.718673571560707,-0.33672979319419144,1.3077341042969826,0.14974119469010772,0.20462885717562257,0.6607678129971545,-0.33717269756338436,72,False,7.6,results_optimization\combo_010
11,-0.5,0.2,0.1,0.35,1.2118783400717161,0.14163120140165653,0.17722103788633736,0.7171957159234694,-0.34090790529726395,1.3077341042969826,0.14974119469010772,0.20462885717562257,0.6607678129971545,-0.33717269756338436,72,False,7.8,results_optimization\combo_011
12,-0.5,0.2,0.1,0.45,1.210904033630646,0.14154727775712206,0.1767398308848598,0.718673571560707,-0.33672979319419144,1.3077341042969826,0.14974119469010772,0.20462885717562257,0.6607678129971545,-0.33717269756338436,72,False,7.7,results_optimization\combo_012
13,-0.5,0.28,0.05,0.35,1.2210032844711085,0.14241570361004174,0.1759352721904444,0.7268961462914835,-0.3337165835356014,1.3077341042969826,0.14974119469010772,0.20462885717562257,0.6607678129971545,-0.33717269756338436,72,False,7.7,results_optimization\combo_013
14,-0.5,0.28,0.05,0.45,1.2199319064485463,0.14232373291949996,0.17612614763034717,0.7255861913794335,-0.3335178767234736,1.3077341042969826,0.14974119469010772,0.20462885717562257,0.6607678129971545,-0.33717269756338436,72,False,7.5,results_optimization\combo_014
15,-0.5,0.28,0.07,0.35,1.2210032844711085,0.14241570361004174,0.1759352721904444,0.7268961462914835,-0.3337165835356014,1.3077341042969826,0.14974119469010772,0.20462885717562257,0.6607678129971545,-0.33717269756338436,72,False,7.8,results_optimization\combo_015
16,-0.5,0.28,0.07,0.45,1.2199319064485463,0.14232373291949996,0.17612614763034717,0.7255861913794335,-0.3335178767234736,1.3077341042969826,0.14974119469010772,0.20462885717562257,0.6607678129971545,-0.33717269756338436,72,False,7.4,results_optimization\combo_016
17,-0.5,0.28,0.1,0.35,1.2210032844711085,0.14241570361004174,0.1759352721904444,0.7268961462914835,-0.3337165835356014,1.3077341042969826,0.14974119469010772,0.20462885717562257,0.6607678129971545,-0.33717269756338436,72,False,7.6,results_optimization\combo_017
18,-0.5,0.28,0.1,0.45,1.2199319064485463,0.14232373291949996,0.17612614763034717,0.7255861913794335,-0.3335178767234736,1.3077341042969826,0.14974119469010772,0.20462885717562257,0.6607678129971545,-0.33717269756338436,72,False,7.6,results_optimization\combo_018
19,-0.8,0.15,0.05,0.35,1.1768862158732336,0.13859759061947474,0.17886222901633098,0.6936543229039273,-0.34549676333999035,1.3077341042969826,0.14974119469010772,0.20462885717562257,0.6607678129971545,-0.33717269756338436,72,False,7.6,results_optimization\combo_019
20,-0.8,0.15,0.05,0.45,1.1672805111119398,0.13775772857861956,0.17972751669922638,0.6856417903262861,-0.3457316627029415,1.3077341042969826,0.14974119469010772,0.20462885717562257,0.6607678129971545,-0.33717269756338436,72,False,7.8,results_optimization\combo_020
21,-0.8,0.15,0.07,0.35,1.1768862158732336,0.13859759061947474,0.17886222901633098,0.6936543229039273,-0.34549676333999035,1.3077341042969826,0.14974119469010772,0.20462885717562257,0.6607678129971545,-0.33717269756338436,72,False,8.0,results_optimization\combo_021
22,-0.8,0.15,0.07,0.45,1.1672805111119398,0.13775772857861956,0.17972751669922638,0.6856417903262861,-0.3457316627029415,1.3077341042969826,0.14974119469010772,0.20462885717562257,0.6607678129971545,-0.33717269756338436,72,False,7.6,results_optimization\combo_022
23,-0.8,0.15,0.1,0.35,1.1768862158732336,0.13859759061947474,0.17886222901633098,0.6936543229039273,-0.34549676333999035,1.3077341042969826,0.14974119469010772,0.20462885717562257,0.6607678129971545,-0.33717269756338436,72,False,8.2,results_optimization\combo_023
24,-0.8,0.15,0.1,0.45,1.1672805111119398,0.13775772857861956,0.17972751669922638,0.6856417903262861,-0.3457316627029415,1.3077341042969826,0.14974119469010772,0.20462885717562257,0.6607678129971545,-0.33717269756338436,72,False,7.6,results_optimization\combo_024
25,-0.8,0.2,0.05,0.35,1.2072896454033413,0.14123567648128077,0.17707152755499267,0.7155675786660014,-0.33873067524562905,1.3077341042969826,0.14974119469010772,0.20462885717562257,0.6607678129971545,-0.33717269756338436,72,False,7.5,results_optimization\combo_025
26,-0.8,0.2,0.05,0.45,1.1970462739371324,0.1403502662345295,0.17680508127968605,0.7116381105440615,-0.3346202998740831,1.3077341042969826,0.14974119469010772,0.20462885717562257,0.6607678129971545,-0.33717269756338436,72,False,7.5,results_optimization\combo_026
27,-0.8,0.2,0.07,0.35,1.2072896454033413,0.14123567648128077,0.17707152755499267,0.7155675786660014,-0.33873067524562905,1.3077341042969826,0.14974119469010772,0.20462885717562257,0.6607678129971545,-0.33717269756338436,72,False,8.0,results_optimization\combo_027
28,-0.8,0.2,0.07,0.45,1.1970462739371324,0.1403502662345295,0.17680508127968605,0.7116381105440615,-0.3346202998740831,1.3077341042969826,0.14974119469010772,0.20462885717562257,0.6607678129971545,-0.33717269756338436,72,False,7.3,results_optimization\combo_028
29,-0.8,0.2,0.1,0.35,1.2072896454033413,0.14123567648128077,0.17707152755499267,0.7155675786660014,-0.33873067524562905,1.3077341042969826,0.14974119469010772,0.20462885717562257,0.6607678129971545,-0.33717269756338436,72,False,7.4,results_optimization\combo_029
30,-0.8,0.2,0.1,0.45,1.1970462739371324,0.1403502662345295,0.17680508127968605,0.7116381105440615,-0.3346202998740831,1.3077341042969826,0.14974119469010772,0.20462885717562257,0.6607678129971545,-0.33717269756338436,72,False,7.3,results_optimization\combo_030
31,-0.8,0.28,0.05,0.35,1.2237648308216653,0.14265259372063177,0.17645744893006612,0.7260875765768628,-0.33557495565969997,1.3077341042969826,0.14974119469010772,0.20462885717562257,0.6607678129971545,-0.33717269756338436,72,False,7.4,results_optimization\combo_031
32,-0.8,0.28,0.05,0.45,1.2127220923071556,0.14170385464249513,0.1766049265926414,0.7201091432617465,-0.33456352039840065,1.3077341042969826,0.14974119469010772,0.20462885717562257,0.6607678129971545,-0.33717269756338436,72,False,7.4,results_optimization\combo_032
33,-0.8,0.28,0.07,0.35,1.2237648308216653,0.14265259372063177,0.17645744893006612,0.7260875765768628,-0.33557495565969997,1.3077341042969826,0.14974119469010772,0.20462885717562257,0.6607678129971545,-0.33717269756338436,72,False,7.3,results_optimization\combo_033
34,-0.8,0.28,0.07,0.45,1.2127220923071556,0.14170385464249513,0.1766049265926414,0.7201091432617465,-0.33456352039840065,1.3077341042969826,0.14974119469010772,0.20462885717562257,0.6607678129971545,-0.33717269756338436,72,False,7.4,results_optimization\combo_034
35,-0.8,0.28,0.1,0.35,1.2237648308216653,0.14265259372063177,0.17645744893006612,0.7260875765768628,-0.33557495565969997,1.3077341042969826,0.14974119469010772,0.20462885717562257,0.6607678129971545,-0.33717269756338436,72,False,7.4,results_optimization\combo_035
36,-0.8,0.28,0.1,0.45,1.2127220923071556,0.14170385464249513,0.1766049265926414,0.7201091432617465,-0.33456352039840065,1.3077341042969826,0.14974119469010772,0.20462885717562257,0.6607678129971545,-0.33717269756338436,72,False,7.2,results_optimization\combo_036
37,-1.2,0.15,0.05,0.35,1.1597032176214181,0.13709302709042337,0.18015873179008413,0.6803111545832092,-0.3489041277556548,1.3077341042969826,0.14974119469010772,0.20462885717562257,0.6607678129971545,-0.33717269756338436,72,False,7.3,results_optimization\combo_037
38,-1.2,0.15,0.05,0.45,1.1400506343023498,0.1353599480899048,0.1803136745579617,0.6701150987469854,-0.3459085850196362,1.3077341042969826,0.14974119469010772,0.20462885717562257,0.6607678129971545,-0.33717269756338436,72,False,7.3,results_optimization\combo_038
39,-1.2,0.15,0.07,0.35,1.1597032176214181,0.13709302709042337,0.18015873179008413,0.6803111545832092,-0.3489041277556548,1.3077341042969826,0.14974119469010772,0.20462885717562257,0.6607678129971545,-0.33717269756338436,72,False,7.6,results_optimization\combo_039
40,-1.2,0.15,0.07,0.45,1.1400506343023498,0.1353599480899048,0.1803136745579617,0.6701150987469854,-0.3459085850196362,1.3077341042969826,0.14974119469010772,0.20462885717562257,0.6607678129971545,-0.33717269756338436,72,False,7.5,results_optimization\combo_040
41,-1.2,0.15,0.1,0.35,1.1597032176214181,0.13709302709042337,0.18015873179008413,0.6803111545832092,-0.3489041277556548,1.3077341042969826,0.14974119469010772,0.20462885717562257,0.6607678129971545,-0.33717269756338436,72,False,7.5,results_optimization\combo_041
42,-1.2,0.15,0.1,0.45,1.1400506343023498,0.1353599480899048,0.1803136745579617,0.6701150987469854,-0.3459085850196362,1.3077341042969826,0.14974119469010772,0.20462885717562257,0.6607678129971545,-0.33717269756338436,72,False,7.4,results_optimization\combo_042
43,-1.2,0.2,0.05,0.35,1.1946472818337743,0.1401424066875432,0.17718036941691492,0.708957627997172,-0.33760394005977795,1.3077341042969826,0.14974119469010772,0.20462885717562257,0.6607678129971545,-0.33717269756338436,72,False,7.6,results_optimization\combo_043
44,-1.2,0.2,0.05,0.45,1.1794169929870462,0.13881835177844093,0.17815895513686716,0.6976316145595576,-0.33880063278863526,1.3077341042969826,0.14974119469010772,0.20462885717562257,0.6607678129971545,-0.33717269756338436,72,False,7.2,results_optimization\combo_044
45,-1.2,0.2,0.07,0.35,1.1946472818337743,0.1401424066875432,0.17718036941691492,0.708957627997172,-0.33760394005977795,1.3077341042969826,0.14974119469010772,0.20462885717562257,0.6607678129971545,-0.33717269756338436,72,False,7.6,results_optimization\combo_045
46,-1.2,0.2,0.07,0.45,1.1794169929870462,0.13881835177844093,0.17815895513686716,0.6976316145595576,-0.33880063278863526,1.3077341042969826,0.14974119469010772,0.20462885717562257,0.6607678129971545,-0.33717269756338436,72,False,6.9,results_optimization\combo_046
47,-1.2,0.2,0.1,0.35,1.1946472818337743,0.1401424066875432,0.17718036941691492,0.708957627997172,-0.33760394005977795,1.3077341042969826,0.14974119469010772,0.20462885717562257,0.6607678129971545,-0.33717269756338436,72,False,6.6,results_optimization\combo_047
48,-1.2,0.2,0.1,0.45,1.1794169929870462,0.13881835177844093,0.17815895513686716,0.6976316145595576,-0.33880063278863526,1.3077341042969826,0.14974119469010772,0.20462885717562257,0.6607678129971545,-0.33717269756338436,72,False,6.2,results_optimization\combo_048
49,-1.2,0.28,0.05,0.35,1.2107866433885022,0.141537164056863,0.17705040442503425,0.7173557847057932,-0.3379053394964678,1.3077341042969826,0.14974119469010772,0.20462885717562257,0.6607678129971545,-0.33717269756338436,72,False,6.1,results_optimization\combo_049
50,-1.2,0.28,0.05,0.45,1.200928663204221,0.14068625374884092,0.17769354127146317,0.7099707765857707,-0.33811712608272526,1.3077341042969826,0.14974119469010772,0.20462885717562257,0.6607678129971545,-0.33717269756338436,72,False,6.9,results_optimization\combo_050
51,-1.2,0.28,0.07,0.35,1.2107866433885022,0.141537164056863,0.17705040442503425,0.7173557847057932,-0.3379053394964678,1.3077341042969826,0.14974119469010772,0.20462885717562257,0.6607678129971545,-0.33717269756338436,72,False,8.0,results_optimization\combo_051
52,-1.2,0.28,0.07,0.45,1.200928663204221,0.14068625374884092,0.17769354127146317,0.7099707765857707,-0.33811712608272526,1.3077341042969826,0.14974119469010772,0.20462885717562257,0.6607678129971545,-0.33717269756338436,72,False,6.3,results_optimization\combo_052
53,-1.2,0.28,0.1,0.35,1.2107866433885022,0.141537164056863,0.17705040442503425,0.7173557847057932,-0.3379053394964678,1.3077341042969826,0.14974119469010772,0.20462885717562257,0.6607678129971545,-0.33717269756338436,72,False,6.2,results_optimization\combo_053
54,-1.2,0.28,0.1,0.45,1.200928663204221,0.14068625374884092,0.17769354127146317,0.7099707765857707,-0.33811712608272526,1.3077341042969826,0.14974119469010772,0.20462885717562257,0.6607678129971545,-0.33717269756338436,72,False,6.2,results_optimization\combo_054
